id,company_id,name,group_type,parent_group_id,created_at,updated_at
91,19,Assets,ASSET,,2025-11-23 07:33:10.400396+00:00,2025-11-23 07:33:10.400399+00:00
92,19,Current Assets,ASSET,91.0,2025-11-23 07:33:10.406346+00:00,2025-11-23 07:33:10.406351+00:00
93,19,Cash-in-Hand,ASSET,92.0,2025-11-23 07:33:10.408254+00:00,2025-11-23 07:33:10.408257+00:00
94,19,Bank Accounts,ASSET,92.0,2025-11-23 07:33:10.410115+00:00,2025-11-23 07:33:10.410118+00:00
5,3,Room Rent (Income),INCOME,,2025-11-17 11:17:23.175391+00:00,2025-11-17 11:17:23.175396+00:00
6,3,Bank Account,ASSET,,2025-11-17 11:17:48.462844+00:00,2025-11-17 11:17:48.462849+00:00
7,3,Cash ,ASSET,,2025-11-17 11:18:58.993078+00:00,2025-11-17 11:18:58.993083+00:00
95,19,Sundry Debtors,ASSET,92.0,2025-11-23 07:33:10.411541+00:00,2025-11-23 07:33:10.411544+00:00
96,19,Loans & Advances (Assets),ASSET,92.0,2025-11-23 07:33:10.412840+00:00,2025-11-23 07:33:10.412843+00:00
97,19,Deposits (Assets),ASSET,92.0,2025-11-23 07:33:10.414335+00:00,2025-11-23 07:33:10.414342+00:00
98,19,Stock-in-Hand,ASSET,92.0,2025-11-23 07:33:10.415799+00:00,2025-11-23 07:33:10.415802+00:00
99,19,Prepaid Expenses,ASSET,92.0,2025-11-23 07:33:10.417253+00:00,2025-11-23 07:33:10.417256+00:00
100,19,Input Tax Credits,ASSET,92.0,2025-11-23 07:33:10.418713+00:00,2025-11-23 07:33:10.418716+00:00
101,19,TDS Receivable,ASSET,92.0,2025-11-23 07:33:10.420118+00:00,2025-11-23 07:33:10.420121+00:00
102,19,VAT Receivable,ASSET,92.0,2025-11-23 07:33:10.421507+00:00,2025-11-23 07:33:10.421510+00:00
103,19,Fixed Assets,ASSET,91.0,2025-11-23 07:33:10.422954+00:00,2025-11-23 07:33:10.422957+00:00
104,19,Furniture & Fixtures,ASSET,103.0,2025-11-23 07:33:10.424974+00:00,2025-11-23 07:33:10.424978+00:00
105,19,Plant & Machinery,ASSET,103.0,2025-11-23 07:33:10.426658+00:00,2025-11-23 07:33:10.426661+00:00
106,19,Computers,ASSET,103.0,2025-11-23 07:33:10.428056+00:00,2025-11-23 07:33:10.428058+00:00
28,6,Current Assets,ASSET,,2025-11-23 03:06:48.891003+00:00,2025-11-23 03:06:48.891012+00:00
29,6,Fixed Assets,ASSET,,2025-11-23 03:06:55.984581+00:00,2025-11-23 03:06:55.984586+00:00
30,6,Current Liability,LIABILITY,,2025-11-23 03:07:08.062144+00:00,2025-11-23 03:07:08.062153+00:00
107,19,Office Equipment,ASSET,103.0,2025-11-23 07:33:10.429379+00:00,2025-11-23 07:33:10.429383+00:00
108,19,Land & Building,ASSET,103.0,2025-11-23 07:33:10.430700+00:00,2025-11-23 07:33:10.430703+00:00
109,19,Vehicles,ASSET,103.0,2025-11-23 07:33:10.431985+00:00,2025-11-23 07:33:10.431991+00:00
110,19,Liabilities,LIABILITY,,2025-11-23 07:33:10.433287+00:00,2025-11-23 07:33:10.433290+00:00
111,19,Current Liabilities,LIABILITY,110.0,2025-11-23 07:33:10.434581+00:00,2025-11-23 07:33:10.434584+00:00
112,19,Sundry Creditors,LIABILITY,111.0,2025-11-23 07:33:10.435891+00:00,2025-11-23 07:33:10.435895+00:00
113,19,Duties & Taxes,LIABILITY,111.0,2025-11-23 07:33:10.437144+00:00,2025-11-23 07:33:10.437147+00:00
114,19,TDS Payable,LIABILITY,111.0,2025-11-23 07:33:10.438675+00:00,2025-11-23 07:33:10.438678+00:00
115,19,VAT Payable,LIABILITY,111.0,2025-11-23 07:33:10.440056+00:00,2025-11-23 07:33:10.440059+00:00
116,19,GST Payable,LIABILITY,111.0,2025-11-23 07:33:10.441387+00:00,2025-11-23 07:33:10.441390+00:00
117,19,Payroll Payables,LIABILITY,111.0,2025-11-23 07:33:10.442814+00:00,2025-11-23 07:33:10.442817+00:00
118,19,Expenses Payable,LIABILITY,111.0,2025-11-23 07:33:10.444095+00:00,2025-11-23 07:33:10.444098+00:00
119,19,Advances from Customers,LIABILITY,111.0,2025-11-23 07:33:10.445438+00:00,2025-11-23 07:33:10.445441+00:00
120,19,Long Term Liabilities,LIABILITY,110.0,2025-11-23 07:33:10.446734+00:00,2025-11-23 07:33:10.446738+00:00
121,19,Secured Loans,LIABILITY,120.0,2025-11-23 07:33:10.448095+00:00,2025-11-23 07:33:10.448098+00:00
122,19,Unsecured Loans,LIABILITY,120.0,2025-11-23 07:33:10.449506+00:00,2025-11-23 07:33:10.449509+00:00
123,19,Owner’s Equity,LIABILITY,110.0,2025-11-23 07:33:10.450907+00:00,2025-11-23 07:33:10.450910+00:00
124,19,Capital Account,LIABILITY,123.0,2025-11-23 07:33:10.452223+00:00,2025-11-23 07:33:10.452225+00:00
125,19,Drawings,LIABILITY,123.0,2025-11-23 07:33:10.453539+00:00,2025-11-23 07:33:10.453543+00:00
126,19,Retained Earnings / Reserves & Surplus,LIABILITY,123.0,2025-11-23 07:33:10.455060+00:00,2025-11-23 07:33:10.455063+00:00
127,19,Income,INCOME,,2025-11-23 07:33:10.456350+00:00,2025-11-23 07:33:10.456353+00:00
128,19,Sales Accounts,INCOME,127.0,2025-11-23 07:33:10.457692+00:00,2025-11-23 07:33:10.457695+00:00
129,19,Indirect Income,INCOME,127.0,2025-11-23 07:33:10.458990+00:00,2025-11-23 07:33:10.458993+00:00
130,19,Direct Income,INCOME,127.0,2025-11-23 07:33:10.460295+00:00,2025-11-23 07:33:10.460298+00:00
131,19,Discount Received,INCOME,127.0,2025-11-23 07:33:10.461606+00:00,2025-11-23 07:33:10.461609+00:00
132,19,Commission Received,INCOME,127.0,2025-11-23 07:33:10.462922+00:00,2025-11-23 07:33:10.462925+00:00
133,19,Expenses,EXPENSE,,2025-11-23 07:33:10.464231+00:00,2025-11-23 07:33:10.464234+00:00
134,19,Direct Expenses,EXPENSE,133.0,2025-11-23 07:33:10.465541+00:00,2025-11-23 07:33:10.465544+00:00
135,19,Purchase Accounts,EXPENSE,134.0,2025-11-23 07:33:10.466831+00:00,2025-11-23 07:33:10.466833+00:00
136,19,Freight / Carriage Inwards,EXPENSE,134.0,2025-11-23 07:33:10.468187+00:00,2025-11-23 07:33:10.468193+00:00
137,19,Import Duty,EXPENSE,134.0,2025-11-23 07:33:10.469450+00:00,2025-11-23 07:33:10.469452+00:00
138,19,Manufacturing Expenses,EXPENSE,134.0,2025-11-23 07:33:10.470754+00:00,2025-11-23 07:33:10.470757+00:00
139,19,Indirect Expenses,EXPENSE,133.0,2025-11-23 07:33:10.472078+00:00,2025-11-23 07:33:10.472081+00:00
140,19,Salary Expense,EXPENSE,139.0,2025-11-23 07:33:10.473429+00:00,2025-11-23 07:33:10.473432+00:00
141,19,Office Rent,EXPENSE,139.0,2025-11-23 07:33:10.474773+00:00,2025-11-23 07:33:10.474775+00:00
142,19,Utilities,EXPENSE,139.0,2025-11-23 07:33:10.476040+00:00,2025-11-23 07:33:10.476042+00:00
143,19,Repair & Maintenance,EXPENSE,139.0,2025-11-23 07:33:10.477334+00:00,2025-11-23 07:33:10.477341+00:00
144,19,Fuel Expenses,EXPENSE,139.0,2025-11-23 07:33:10.478597+00:00,2025-11-23 07:33:10.478599+00:00
145,19,Travel Expenses,EXPENSE,139.0,2025-11-23 07:33:10.479972+00:00,2025-11-23 07:33:10.479977+00:00
146,19,Advertising Expenses,EXPENSE,139.0,2025-11-23 07:33:10.481302+00:00,2025-11-23 07:33:10.481304+00:00
147,19,Telephone/Internet Expense,EXPENSE,139.0,2025-11-23 07:33:10.482779+00:00,2025-11-23 07:33:10.482782+00:00
148,19,Miscellaneous Expenses,EXPENSE,139.0,2025-11-23 07:33:10.484168+00:00,2025-11-23 07:33:10.484171+00:00
149,19,Discount Allowed,EXPENSE,139.0,2025-11-23 07:33:10.486045+00:00,2025-11-23 07:33:10.486048+00:00
150,19,Commission Paid,EXPENSE,139.0,2025-11-23 07:33:10.487403+00:00,2025-11-23 07:33:10.487406+00:00
151,20,Assets,ASSET,,2025-11-23 08:11:41.704802+00:00,2025-11-23 08:11:41.704806+00:00
152,20,Current Assets,ASSET,151.0,2025-11-23 08:11:41.711345+00:00,2025-11-23 08:11:41.711348+00:00
153,20,Cash-in-Hand,ASSET,152.0,2025-11-23 08:11:41.713448+00:00,2025-11-23 08:11:41.713453+00:00
154,20,Bank Accounts,ASSET,152.0,2025-11-23 08:11:41.715277+00:00,2025-11-23 08:11:41.715280+00:00
155,20,Sundry Debtors,ASSET,152.0,2025-11-23 08:11:41.716852+00:00,2025-11-23 08:11:41.716855+00:00
156,20,Loans & Advances (Assets),ASSET,152.0,2025-11-23 08:11:41.718411+00:00,2025-11-23 08:11:41.718414+00:00
157,20,Deposits (Assets),ASSET,152.0,2025-11-23 08:11:41.720056+00:00,2025-11-23 08:11:41.720059+00:00
158,20,Stock-in-Hand,ASSET,152.0,2025-11-23 08:11:41.721573+00:00,2025-11-23 08:11:41.721576+00:00
159,20,Prepaid Expenses,ASSET,152.0,2025-11-23 08:11:41.723287+00:00,2025-11-23 08:11:41.723290+00:00
160,20,Input Tax Credits,ASSET,152.0,2025-11-23 08:11:41.724816+00:00,2025-11-23 08:11:41.724819+00:00
161,20,TDS Receivable,ASSET,152.0,2025-11-23 08:11:41.726365+00:00,2025-11-23 08:11:41.726368+00:00
162,20,VAT Receivable,ASSET,152.0,2025-11-23 08:11:41.727873+00:00,2025-11-23 08:11:41.727876+00:00
163,20,Fixed Assets,ASSET,151.0,2025-11-23 08:11:41.729554+00:00,2025-11-23 08:11:41.729559+00:00
164,20,Furniture & Fixtures,ASSET,163.0,2025-11-23 08:11:41.731448+00:00,2025-11-23 08:11:41.731453+00:00
165,20,Plant & Machinery,ASSET,163.0,2025-11-23 08:11:41.732960+00:00,2025-11-23 08:11:41.732963+00:00
166,20,Computers,ASSET,163.0,2025-11-23 08:11:41.734504+00:00,2025-11-23 08:11:41.734508+00:00
167,20,Office Equipment,ASSET,163.0,2025-11-23 08:11:41.735941+00:00,2025-11-23 08:11:41.735944+00:00
168,20,Land & Building,ASSET,163.0,2025-11-23 08:11:41.737668+00:00,2025-11-23 08:11:41.737673+00:00
169,20,Vehicles,ASSET,163.0,2025-11-23 08:11:41.739750+00:00,2025-11-23 08:11:41.739754+00:00
170,20,Liabilities,LIABILITY,,2025-11-23 08:11:41.741272+00:00,2025-11-23 08:11:41.741275+00:00
171,20,Current Liabilities,LIABILITY,170.0,2025-11-23 08:11:41.742852+00:00,2025-11-23 08:11:41.742855+00:00
172,20,Sundry Creditors,LIABILITY,171.0,2025-11-23 08:11:41.744316+00:00,2025-11-23 08:11:41.744319+00:00
173,20,Duties & Taxes,LIABILITY,171.0,2025-11-23 08:11:41.745784+00:00,2025-11-23 08:11:41.745787+00:00
174,20,TDS Payable,LIABILITY,171.0,2025-11-23 08:11:41.747371+00:00,2025-11-23 08:11:41.747374+00:00
175,20,VAT Payable,LIABILITY,171.0,2025-11-23 08:11:41.749771+00:00,2025-11-23 08:11:41.749774+00:00
176,20,GST Payable,LIABILITY,171.0,2025-11-23 08:11:41.751267+00:00,2025-11-23 08:11:41.751270+00:00
177,20,Payroll Payables,LIABILITY,171.0,2025-11-23 08:11:41.752805+00:00,2025-11-23 08:11:41.752808+00:00
178,20,Expenses Payable,LIABILITY,171.0,2025-11-23 08:11:41.754412+00:00,2025-11-23 08:11:41.754415+00:00
179,20,Advances from Customers,LIABILITY,171.0,2025-11-23 08:11:41.755948+00:00,2025-11-23 08:11:41.755952+00:00
20,6,Cash-Duplicate,ASSET,,2025-11-22 06:36:02.920355+00:00,2025-11-29 06:52:13.739174+00:00
180,20,Long Term Liabilities,LIABILITY,170.0,2025-11-23 08:11:41.757502+00:00,2025-11-23 08:11:41.757505+00:00
181,20,Secured Loans,LIABILITY,180.0,2025-11-23 08:11:41.761059+00:00,2025-11-23 08:11:41.761063+00:00
182,20,Unsecured Loans,LIABILITY,180.0,2025-11-23 08:11:41.762529+00:00,2025-11-23 08:11:41.762532+00:00
183,20,Owner’s Equity,LIABILITY,170.0,2025-11-23 08:11:41.763984+00:00,2025-11-23 08:11:41.763987+00:00
184,20,Capital Account,LIABILITY,183.0,2025-11-23 08:11:41.765464+00:00,2025-11-23 08:11:41.765466+00:00
185,20,Drawings,LIABILITY,183.0,2025-11-23 08:11:41.766940+00:00,2025-11-23 08:11:41.766943+00:00
186,20,Retained Earnings / Reserves & Surplus,LIABILITY,183.0,2025-11-23 08:11:41.768497+00:00,2025-11-23 08:11:41.768500+00:00
187,20,Income,INCOME,,2025-11-23 08:11:41.769978+00:00,2025-11-23 08:11:41.769981+00:00
188,20,Sales Accounts,INCOME,187.0,2025-11-23 08:11:41.771424+00:00,2025-11-23 08:11:41.771427+00:00
189,20,Indirect Income,INCOME,187.0,2025-11-23 08:11:41.772964+00:00,2025-11-23 08:11:41.772967+00:00
190,20,Direct Income,INCOME,187.0,2025-11-23 08:11:41.774338+00:00,2025-11-23 08:11:41.774341+00:00
191,20,Discount Received,INCOME,187.0,2025-11-23 08:11:41.775702+00:00,2025-11-23 08:11:41.775705+00:00
192,20,Commission Received,INCOME,187.0,2025-11-23 08:11:41.777279+00:00,2025-11-23 08:11:41.777289+00:00
193,20,Expenses,EXPENSE,,2025-11-23 08:11:41.779005+00:00,2025-11-23 08:11:41.779009+00:00
194,20,Direct Expenses,EXPENSE,193.0,2025-11-23 08:11:41.780581+00:00,2025-11-23 08:11:41.780584+00:00
195,20,Purchase Accounts,EXPENSE,194.0,2025-11-23 08:11:41.781966+00:00,2025-11-23 08:11:41.781969+00:00
196,20,Freight / Carriage Inwards,EXPENSE,194.0,2025-11-23 08:11:41.783396+00:00,2025-11-23 08:11:41.783399+00:00
197,20,Import Duty,EXPENSE,194.0,2025-11-23 08:11:41.785390+00:00,2025-11-23 08:11:41.785394+00:00
198,20,Manufacturing Expenses,EXPENSE,194.0,2025-11-23 08:11:41.786945+00:00,2025-11-23 08:11:41.786947+00:00
199,20,Indirect Expenses,EXPENSE,193.0,2025-11-23 08:11:41.788365+00:00,2025-11-23 08:11:41.788367+00:00
200,20,Salary Expense,EXPENSE,199.0,2025-11-23 08:11:41.789545+00:00,2025-11-23 08:11:41.789548+00:00
201,20,Office Rent,EXPENSE,199.0,2025-11-23 08:11:41.790779+00:00,2025-11-23 08:11:41.790782+00:00
202,20,Utilities,EXPENSE,199.0,2025-11-23 08:11:41.792825+00:00,2025-11-23 08:11:41.792829+00:00
203,20,Repair & Maintenance,EXPENSE,199.0,2025-11-23 08:11:41.794319+00:00,2025-11-23 08:11:41.794321+00:00
204,20,Fuel Expenses,EXPENSE,199.0,2025-11-23 08:11:41.795590+00:00,2025-11-23 08:11:41.795594+00:00
205,20,Travel Expenses,EXPENSE,199.0,2025-11-23 08:11:41.797351+00:00,2025-11-23 08:11:41.797354+00:00
206,20,Advertising Expenses,EXPENSE,199.0,2025-11-23 08:11:41.798603+00:00,2025-11-23 08:11:41.798606+00:00
207,20,Telephone/Internet Expense,EXPENSE,199.0,2025-11-23 08:11:41.800117+00:00,2025-11-23 08:11:41.800120+00:00
208,20,Miscellaneous Expenses,EXPENSE,199.0,2025-11-23 08:11:41.801666+00:00,2025-11-23 08:11:41.801669+00:00
209,20,Discount Allowed,EXPENSE,199.0,2025-11-23 08:11:41.802909+00:00,2025-11-23 08:11:41.802912+00:00
210,20,Commission Paid,EXPENSE,199.0,2025-11-23 08:11:41.804304+00:00,2025-11-23 08:11:41.804307+00:00
211,6,Assets,ASSET,,2025-11-23 08:14:48.927894+00:00,2025-11-23 08:14:48.927900+00:00
223,6,Fixed Assets,ASSET,211.0,2025-11-23 08:14:48.958414+00:00,2025-11-23 08:14:48.958417+00:00
224,6,Furniture & Fixtures,ASSET,223.0,2025-11-23 08:14:48.960107+00:00,2025-11-23 08:14:48.960110+00:00
225,6,Plant & Machinery,ASSET,223.0,2025-11-23 08:14:48.961763+00:00,2025-11-23 08:14:48.961765+00:00
226,6,Computers,ASSET,223.0,2025-11-23 08:14:48.963761+00:00,2025-11-23 08:14:48.963772+00:00
227,6,Office Equipment,ASSET,223.0,2025-11-23 08:14:48.965574+00:00,2025-11-23 08:14:48.965577+00:00
228,6,Land & Building,ASSET,223.0,2025-11-23 08:14:48.967098+00:00,2025-11-23 08:14:48.967101+00:00
229,6,Vehicles,ASSET,223.0,2025-11-23 08:14:48.968556+00:00,2025-11-23 08:14:48.968559+00:00
230,6,Liabilities,LIABILITY,,2025-11-23 08:14:48.969980+00:00,2025-11-23 08:14:48.969983+00:00
231,6,Current Liabilities,LIABILITY,230.0,2025-11-23 08:14:48.971475+00:00,2025-11-23 08:14:48.971478+00:00
232,6,Sundry Creditors,LIABILITY,231.0,2025-11-23 08:14:48.972956+00:00,2025-11-23 08:14:48.972959+00:00
233,6,Duties & Taxes,LIABILITY,231.0,2025-11-23 08:14:48.974403+00:00,2025-11-23 08:14:48.974406+00:00
234,6,TDS Payable,LIABILITY,231.0,2025-11-23 08:14:48.976341+00:00,2025-11-23 08:14:48.976346+00:00
235,6,VAT Payable,LIABILITY,231.0,2025-11-23 08:14:48.978259+00:00,2025-11-23 08:14:48.978263+00:00
236,6,GST Payable,LIABILITY,231.0,2025-11-23 08:14:48.980112+00:00,2025-11-23 08:14:48.980115+00:00
237,6,Payroll Payables,LIABILITY,231.0,2025-11-23 08:14:48.981700+00:00,2025-11-23 08:14:48.981703+00:00
238,6,Expenses Payable,LIABILITY,231.0,2025-11-23 08:14:48.983180+00:00,2025-11-23 08:14:48.983183+00:00
239,6,Advances from Customers,LIABILITY,231.0,2025-11-23 08:14:48.984648+00:00,2025-11-23 08:14:48.984650+00:00
240,6,Long Term Liabilities,LIABILITY,230.0,2025-11-23 08:14:48.986083+00:00,2025-11-23 08:14:48.986086+00:00
241,6,Secured Loans,LIABILITY,240.0,2025-11-23 08:14:48.987476+00:00,2025-11-23 08:14:48.987479+00:00
242,6,Unsecured Loans,LIABILITY,240.0,2025-11-23 08:14:48.988894+00:00,2025-11-23 08:14:48.988897+00:00
243,6,Owner’s Equity,LIABILITY,230.0,2025-11-23 08:14:48.990523+00:00,2025-11-23 08:14:48.990527+00:00
244,6,Capital Account,LIABILITY,243.0,2025-11-23 08:14:48.992219+00:00,2025-11-23 08:14:48.992222+00:00
245,6,Drawings,LIABILITY,243.0,2025-11-23 08:14:48.993606+00:00,2025-11-23 08:14:48.993608+00:00
246,6,Retained Earnings / Reserves & Surplus,LIABILITY,243.0,2025-11-23 08:14:48.994965+00:00,2025-11-23 08:14:48.994968+00:00
247,6,Income,INCOME,,2025-11-23 08:14:48.996455+00:00,2025-11-23 08:14:48.996458+00:00
248,6,Sales Accounts,INCOME,247.0,2025-11-23 08:14:48.997963+00:00,2025-11-23 08:14:48.997965+00:00
249,6,Indirect Income,INCOME,247.0,2025-11-23 08:14:48.999431+00:00,2025-11-23 08:14:48.999434+00:00
250,6,Direct Income,INCOME,247.0,2025-11-23 08:14:49.000947+00:00,2025-11-23 08:14:49.000950+00:00
251,6,Discount Received,INCOME,247.0,2025-11-23 08:14:49.002445+00:00,2025-11-23 08:14:49.002450+00:00
252,6,Commission Received,INCOME,247.0,2025-11-23 08:14:49.003988+00:00,2025-11-23 08:14:49.003991+00:00
260,6,Salary Expense,EXPENSE,259.0,2025-11-23 08:14:49.015609+00:00,2025-11-23 08:14:49.015612+00:00
261,6,Office Rent,EXPENSE,259.0,2025-11-23 08:14:49.017008+00:00,2025-11-23 08:14:49.017011+00:00
262,6,Utilities,EXPENSE,259.0,2025-11-23 08:14:49.018476+00:00,2025-11-23 08:14:49.018478+00:00
263,6,Repair & Maintenance,EXPENSE,259.0,2025-11-23 08:14:49.019879+00:00,2025-11-23 08:14:49.019881+00:00
264,6,Fuel Expenses,EXPENSE,259.0,2025-11-23 08:14:49.021216+00:00,2025-11-23 08:14:49.021220+00:00
265,6,Travel Expenses,EXPENSE,259.0,2025-11-23 08:14:49.022661+00:00,2025-11-23 08:14:49.022664+00:00
266,6,Advertising Expenses,EXPENSE,259.0,2025-11-23 08:14:49.023977+00:00,2025-11-23 08:14:49.023979+00:00
267,6,Telephone/Internet Expense,EXPENSE,259.0,2025-11-23 08:14:49.025214+00:00,2025-11-23 08:14:49.025216+00:00
268,6,Miscellaneous Expenses,EXPENSE,259.0,2025-11-23 08:14:49.026515+00:00,2025-11-23 08:14:49.026517+00:00
269,6,Discount Allowed,EXPENSE,259.0,2025-11-23 08:14:49.027872+00:00,2025-11-23 08:14:49.027874+00:00
270,6,Commission Paid,EXPENSE,259.0,2025-11-23 08:14:49.029332+00:00,2025-11-23 08:14:49.029335+00:00
213,6,Cash-in-Hand,ASSET,,2025-11-23 08:14:48.937958+00:00,2025-11-23 08:14:48.937963+00:00
256,6,Freight / Carriage Inwards,EXPENSE,,2025-11-23 08:14:49.009711+00:00,2025-11-23 08:14:49.009714+00:00
257,6,Import Duty,EXPENSE,,2025-11-23 08:14:49.011101+00:00,2025-11-23 08:14:49.011104+00:00
258,6,Manufacturing Expenses,EXPENSE,,2025-11-23 08:14:49.012580+00:00,2025-11-23 08:14:49.012583+00:00
214,6,Bank Accounts,ASSET,,2025-11-23 08:14:48.940192+00:00,2025-11-23 08:14:48.940196+00:00
215,6,Sundry Debtors,ASSET,,2025-11-23 08:14:48.942451+00:00,2025-11-23 08:14:48.942455+00:00
216,6,Loans & Advances (Assets),ASSET,,2025-11-23 08:14:48.944423+00:00,2025-11-23 08:14:48.944427+00:00
331,21,Assets,ASSET,,2025-11-27 10:48:24.050621+00:00,2025-11-27 10:48:24.050625+00:00
332,21,Current Assets,ASSET,331.0,2025-11-27 10:48:24.060547+00:00,2025-11-27 10:48:24.060550+00:00
333,21,Cash-in-Hand,ASSET,332.0,2025-11-27 10:48:24.062323+00:00,2025-11-27 10:48:24.062326+00:00
334,21,Bank Accounts,ASSET,332.0,2025-11-27 10:48:24.063992+00:00,2025-11-27 10:48:24.063995+00:00
335,21,Sundry Debtors,ASSET,332.0,2025-11-27 10:48:24.065729+00:00,2025-11-27 10:48:24.065732+00:00
336,21,Loans & Advances (Assets),ASSET,332.0,2025-11-27 10:48:24.067304+00:00,2025-11-27 10:48:24.067308+00:00
337,21,Deposits (Assets),ASSET,332.0,2025-11-27 10:48:24.068979+00:00,2025-11-27 10:48:24.068982+00:00
338,21,Stock-in-Hand,ASSET,332.0,2025-11-27 10:48:24.070735+00:00,2025-11-27 10:48:24.070738+00:00
339,21,Prepaid Expenses,ASSET,332.0,2025-11-27 10:48:24.072815+00:00,2025-11-27 10:48:24.072821+00:00
340,21,Input Tax Credits,ASSET,332.0,2025-11-27 10:48:24.075049+00:00,2025-11-27 10:48:24.075053+00:00
341,21,TDS Receivable,ASSET,332.0,2025-11-27 10:48:24.076755+00:00,2025-11-27 10:48:24.076763+00:00
342,21,VAT Receivable,ASSET,332.0,2025-11-27 10:48:24.078304+00:00,2025-11-27 10:48:24.078306+00:00
343,21,Fixed Assets,ASSET,331.0,2025-11-27 10:48:24.099346+00:00,2025-11-27 10:48:24.099350+00:00
344,21,Furniture & Fixtures,ASSET,343.0,2025-11-27 10:48:24.102304+00:00,2025-11-27 10:48:24.102309+00:00
345,21,Plant & Machinery,ASSET,343.0,2025-11-27 10:48:24.105154+00:00,2025-11-27 10:48:24.105160+00:00
346,21,Computers,ASSET,343.0,2025-11-27 10:48:24.108031+00:00,2025-11-27 10:48:24.108035+00:00
347,21,Office Equipment,ASSET,343.0,2025-11-27 10:48:24.111002+00:00,2025-11-27 10:48:24.111006+00:00
348,21,Land & Building,ASSET,343.0,2025-11-27 10:48:24.112636+00:00,2025-11-27 10:48:24.112639+00:00
349,21,Vehicles,ASSET,343.0,2025-11-27 10:48:24.114266+00:00,2025-11-27 10:48:24.114269+00:00
350,21,Liabilities,LIABILITY,,2025-11-27 10:48:24.115711+00:00,2025-11-27 10:48:24.115714+00:00
351,21,Current Liabilities,LIABILITY,350.0,2025-11-27 10:48:24.118003+00:00,2025-11-27 10:48:24.118006+00:00
352,21,Sundry Creditors,LIABILITY,351.0,2025-11-27 10:48:24.119913+00:00,2025-11-27 10:48:24.119916+00:00
353,21,Duties & Taxes,LIABILITY,351.0,2025-11-27 10:48:24.124152+00:00,2025-11-27 10:48:24.124157+00:00
354,21,TDS Payable,LIABILITY,351.0,2025-11-27 10:48:24.126023+00:00,2025-11-27 10:48:24.126027+00:00
355,21,VAT Payable,LIABILITY,351.0,2025-11-27 10:48:24.128168+00:00,2025-11-27 10:48:24.128172+00:00
356,21,GST Payable,LIABILITY,351.0,2025-11-27 10:48:24.129788+00:00,2025-11-27 10:48:24.129791+00:00
357,21,Payroll Payables,LIABILITY,351.0,2025-11-27 10:48:24.131331+00:00,2025-11-27 10:48:24.131334+00:00
358,21,Expenses Payable,LIABILITY,351.0,2025-11-27 10:48:24.132824+00:00,2025-11-27 10:48:24.132827+00:00
359,21,Advances from Customers,LIABILITY,351.0,2025-11-27 10:48:24.134368+00:00,2025-11-27 10:48:24.134371+00:00
360,21,Long Term Liabilities,LIABILITY,350.0,2025-11-27 10:48:24.135933+00:00,2025-11-27 10:48:24.135936+00:00
361,21,Secured Loans,LIABILITY,360.0,2025-11-27 10:48:24.137454+00:00,2025-11-27 10:48:24.137457+00:00
362,21,Unsecured Loans,LIABILITY,360.0,2025-11-27 10:48:24.139776+00:00,2025-11-27 10:48:24.139780+00:00
363,21,Owner’s Equity,LIABILITY,350.0,2025-11-27 10:48:24.142740+00:00,2025-11-27 10:48:24.142744+00:00
364,21,Capital Account,LIABILITY,363.0,2025-11-27 10:48:24.144601+00:00,2025-11-27 10:48:24.144604+00:00
365,21,Drawings,LIABILITY,363.0,2025-11-27 10:48:24.146136+00:00,2025-11-27 10:48:24.146139+00:00
366,21,Retained Earnings / Reserves & Surplus,LIABILITY,363.0,2025-11-27 10:48:24.147848+00:00,2025-11-27 10:48:24.147851+00:00
367,21,Income,INCOME,,2025-11-27 10:48:24.150853+00:00,2025-11-27 10:48:24.150856+00:00
368,21,Sales Accounts,INCOME,367.0,2025-11-27 10:48:24.152994+00:00,2025-11-27 10:48:24.152997+00:00
369,21,Indirect Income,INCOME,367.0,2025-11-27 10:48:24.154563+00:00,2025-11-27 10:48:24.154566+00:00
370,21,Direct Income,INCOME,367.0,2025-11-27 10:48:24.156998+00:00,2025-11-27 10:48:24.157002+00:00
371,21,Discount Received,INCOME,367.0,2025-11-27 10:48:24.159596+00:00,2025-11-27 10:48:24.159606+00:00
372,21,Commission Received,INCOME,367.0,2025-11-27 10:48:24.161278+00:00,2025-11-27 10:48:24.161281+00:00
373,21,Expenses,EXPENSE,,2025-11-27 10:48:24.162912+00:00,2025-11-27 10:48:24.162919+00:00
374,21,Direct Expenses,EXPENSE,373.0,2025-11-27 10:48:24.165010+00:00,2025-11-27 10:48:24.165015+00:00
375,21,Purchase Accounts,EXPENSE,374.0,2025-11-27 10:48:24.166916+00:00,2025-11-27 10:48:24.166919+00:00
376,21,Freight / Carriage Inwards,EXPENSE,374.0,2025-11-27 10:48:24.168554+00:00,2025-11-27 10:48:24.168557+00:00
377,21,Import Duty,EXPENSE,374.0,2025-11-27 10:48:24.170135+00:00,2025-11-27 10:48:24.170138+00:00
378,21,Manufacturing Expenses,EXPENSE,374.0,2025-11-27 10:48:24.172041+00:00,2025-11-27 10:48:24.172046+00:00
379,21,Indirect Expenses,EXPENSE,373.0,2025-11-27 10:48:24.175055+00:00,2025-11-27 10:48:24.175058+00:00
380,21,Salary Expense,EXPENSE,379.0,2025-11-27 10:48:24.176777+00:00,2025-11-27 10:48:24.176780+00:00
381,21,Office Rent,EXPENSE,379.0,2025-11-27 10:48:24.178407+00:00,2025-11-27 10:48:24.178410+00:00
382,21,Utilities,EXPENSE,379.0,2025-11-27 10:48:24.180147+00:00,2025-11-27 10:48:24.180150+00:00
383,21,Repair & Maintenance,EXPENSE,379.0,2025-11-27 10:48:24.181779+00:00,2025-11-27 10:48:24.181783+00:00
384,21,Fuel Expenses,EXPENSE,379.0,2025-11-27 10:48:24.183293+00:00,2025-11-27 10:48:24.183295+00:00
385,21,Travel Expenses,EXPENSE,379.0,2025-11-27 10:48:24.186195+00:00,2025-11-27 10:48:24.186199+00:00
386,21,Advertising Expenses,EXPENSE,379.0,2025-11-27 10:48:24.187986+00:00,2025-11-27 10:48:24.187989+00:00
387,21,Telephone/Internet Expense,EXPENSE,379.0,2025-11-27 10:48:24.190591+00:00,2025-11-27 10:48:24.190599+00:00
388,21,Miscellaneous Expenses,EXPENSE,379.0,2025-11-27 10:48:24.192375+00:00,2025-11-27 10:48:24.192378+00:00
389,21,Discount Allowed,EXPENSE,379.0,2025-11-27 10:48:24.194233+00:00,2025-11-27 10:48:24.194237+00:00
390,21,Commission Paid,EXPENSE,379.0,2025-11-27 10:48:24.196108+00:00,2025-11-27 10:48:24.196112+00:00
391,22,Assets,ASSET,,2025-11-27 11:08:08.850780+00:00,2025-11-27 11:08:08.850790+00:00
392,22,Current Assets,ASSET,391.0,2025-11-27 11:08:08.856128+00:00,2025-11-27 11:08:08.856132+00:00
393,22,Cash-in-Hand,ASSET,392.0,2025-11-27 11:08:08.858208+00:00,2025-11-27 11:08:08.858213+00:00
394,22,Bank Accounts,ASSET,392.0,2025-11-27 11:08:08.860750+00:00,2025-11-27 11:08:08.860754+00:00
395,22,Sundry Debtors,ASSET,392.0,2025-11-27 11:08:08.864049+00:00,2025-11-27 11:08:08.864054+00:00
396,22,Loans & Advances (Assets),ASSET,392.0,2025-11-27 11:08:08.867297+00:00,2025-11-27 11:08:08.867302+00:00
397,22,Deposits (Assets),ASSET,392.0,2025-11-27 11:08:08.869769+00:00,2025-11-27 11:08:08.869774+00:00
398,22,Stock-in-Hand,ASSET,392.0,2025-11-27 11:08:08.872034+00:00,2025-11-27 11:08:08.872039+00:00
399,22,Prepaid Expenses,ASSET,392.0,2025-11-27 11:08:08.873698+00:00,2025-11-27 11:08:08.873702+00:00
400,22,Input Tax Credits,ASSET,392.0,2025-11-27 11:08:08.875143+00:00,2025-11-27 11:08:08.875146+00:00
401,22,TDS Receivable,ASSET,392.0,2025-11-27 11:08:08.876993+00:00,2025-11-27 11:08:08.876997+00:00
402,22,VAT Receivable,ASSET,392.0,2025-11-27 11:08:08.878460+00:00,2025-11-27 11:08:08.878462+00:00
403,22,Fixed Assets,ASSET,391.0,2025-11-27 11:08:08.880355+00:00,2025-11-27 11:08:08.880361+00:00
404,22,Furniture & Fixtures,ASSET,403.0,2025-11-27 11:08:08.882411+00:00,2025-11-27 11:08:08.882417+00:00
405,22,Plant & Machinery,ASSET,403.0,2025-11-27 11:08:08.884645+00:00,2025-11-27 11:08:08.884649+00:00
406,22,Computers,ASSET,403.0,2025-11-27 11:08:08.886633+00:00,2025-11-27 11:08:08.886637+00:00
407,22,Office Equipment,ASSET,403.0,2025-11-27 11:08:08.888305+00:00,2025-11-27 11:08:08.888309+00:00
408,22,Land & Building,ASSET,403.0,2025-11-27 11:08:08.889711+00:00,2025-11-27 11:08:08.889714+00:00
409,22,Vehicles,ASSET,403.0,2025-11-27 11:08:08.891092+00:00,2025-11-27 11:08:08.891096+00:00
410,22,Liabilities,LIABILITY,,2025-11-27 11:08:08.892573+00:00,2025-11-27 11:08:08.892577+00:00
411,22,Current Liabilities,LIABILITY,410.0,2025-11-27 11:08:08.894214+00:00,2025-11-27 11:08:08.894217+00:00
412,22,Sundry Creditors,LIABILITY,411.0,2025-11-27 11:08:08.895830+00:00,2025-11-27 11:08:08.895834+00:00
413,22,Duties & Taxes,LIABILITY,411.0,2025-11-27 11:08:08.898147+00:00,2025-11-27 11:08:08.898152+00:00
414,22,TDS Payable,LIABILITY,411.0,2025-11-27 11:08:08.900590+00:00,2025-11-27 11:08:08.900594+00:00
415,22,VAT Payable,LIABILITY,411.0,2025-11-27 11:08:08.903070+00:00,2025-11-27 11:08:08.903074+00:00
416,22,GST Payable,LIABILITY,411.0,2025-11-27 11:08:08.904955+00:00,2025-11-27 11:08:08.904971+00:00
417,22,Payroll Payables,LIABILITY,411.0,2025-11-27 11:08:08.906576+00:00,2025-11-27 11:08:08.906580+00:00
418,22,Expenses Payable,LIABILITY,411.0,2025-11-27 11:08:08.908430+00:00,2025-11-27 11:08:08.908433+00:00
419,22,Advances from Customers,LIABILITY,411.0,2025-11-27 11:08:08.910232+00:00,2025-11-27 11:08:08.910236+00:00
420,22,Long Term Liabilities,LIABILITY,410.0,2025-11-27 11:08:08.912038+00:00,2025-11-27 11:08:08.912044+00:00
421,22,Secured Loans,LIABILITY,420.0,2025-11-27 11:08:08.914213+00:00,2025-11-27 11:08:08.914219+00:00
422,22,Unsecured Loans,LIABILITY,420.0,2025-11-27 11:08:08.916637+00:00,2025-11-27 11:08:08.916641+00:00
423,22,Owner’s Equity,LIABILITY,410.0,2025-11-27 11:08:08.918973+00:00,2025-11-27 11:08:08.918977+00:00
424,22,Capital Account,LIABILITY,423.0,2025-11-27 11:08:08.920990+00:00,2025-11-27 11:08:08.920994+00:00
425,22,Drawings,LIABILITY,423.0,2025-11-27 11:08:08.922992+00:00,2025-11-27 11:08:08.922996+00:00
426,22,Retained Earnings / Reserves & Surplus,LIABILITY,423.0,2025-11-27 11:08:08.924718+00:00,2025-11-27 11:08:08.924722+00:00
427,22,Income,INCOME,,2025-11-27 11:08:08.926076+00:00,2025-11-27 11:08:08.926078+00:00
428,22,Sales Accounts,INCOME,427.0,2025-11-27 11:08:08.927416+00:00,2025-11-27 11:08:08.927418+00:00
429,22,Indirect Income,INCOME,427.0,2025-11-27 11:08:08.928873+00:00,2025-11-27 11:08:08.928883+00:00
430,22,Direct Income,INCOME,427.0,2025-11-27 11:08:08.931076+00:00,2025-11-27 11:08:08.931085+00:00
431,22,Discount Received,INCOME,427.0,2025-11-27 11:08:08.933252+00:00,2025-11-27 11:08:08.933255+00:00
432,22,Commission Received,INCOME,427.0,2025-11-27 11:08:08.935481+00:00,2025-11-27 11:08:08.935486+00:00
433,22,Expenses,EXPENSE,,2025-11-27 11:08:08.937338+00:00,2025-11-27 11:08:08.937342+00:00
434,22,Direct Expenses,EXPENSE,433.0,2025-11-27 11:08:08.939063+00:00,2025-11-27 11:08:08.939069+00:00
435,22,Purchase Accounts,EXPENSE,434.0,2025-11-27 11:08:08.940736+00:00,2025-11-27 11:08:08.940740+00:00
436,22,Freight / Carriage Inwards,EXPENSE,434.0,2025-11-27 11:08:08.942268+00:00,2025-11-27 11:08:08.942270+00:00
437,22,Import Duty,EXPENSE,434.0,2025-11-27 11:08:08.944022+00:00,2025-11-27 11:08:08.944026+00:00
438,22,Manufacturing Expenses,EXPENSE,434.0,2025-11-27 11:08:08.945439+00:00,2025-11-27 11:08:08.945441+00:00
439,22,Indirect Expenses,EXPENSE,433.0,2025-11-27 11:08:08.947764+00:00,2025-11-27 11:08:08.947773+00:00
440,22,Salary Expense,EXPENSE,439.0,2025-11-27 11:08:08.950059+00:00,2025-11-27 11:08:08.950064+00:00
441,22,Office Rent,EXPENSE,439.0,2025-11-27 11:08:08.952352+00:00,2025-11-27 11:08:08.952357+00:00
442,22,Utilities,EXPENSE,439.0,2025-11-27 11:08:08.954029+00:00,2025-11-27 11:08:08.954031+00:00
443,22,Repair & Maintenance,EXPENSE,439.0,2025-11-27 11:08:08.955751+00:00,2025-11-27 11:08:08.955754+00:00
444,22,Fuel Expenses,EXPENSE,439.0,2025-11-27 11:08:08.957657+00:00,2025-11-27 11:08:08.957661+00:00
445,22,Travel Expenses,EXPENSE,439.0,2025-11-27 11:08:08.959180+00:00,2025-11-27 11:08:08.959183+00:00
446,22,Advertising Expenses,EXPENSE,439.0,2025-11-27 11:08:08.960643+00:00,2025-11-27 11:08:08.960647+00:00
447,22,Telephone/Internet Expense,EXPENSE,439.0,2025-11-27 11:08:08.962264+00:00,2025-11-27 11:08:08.962266+00:00
448,22,Miscellaneous Expenses,EXPENSE,439.0,2025-11-27 11:08:08.964937+00:00,2025-11-27 11:08:08.964943+00:00
449,22,Discount Allowed,EXPENSE,439.0,2025-11-27 11:08:08.967037+00:00,2025-11-27 11:08:08.967041+00:00
450,22,Commission Paid,EXPENSE,439.0,2025-11-27 11:08:08.969069+00:00,2025-11-27 11:08:08.969075+00:00
451,23,Assets,ASSET,,2025-11-27 11:12:50.296444+00:00,2025-11-27 11:12:50.296447+00:00
452,23,Current Assets,ASSET,451.0,2025-11-27 11:12:50.299554+00:00,2025-11-27 11:12:50.299557+00:00
453,23,Cash-in-Hand,ASSET,452.0,2025-11-27 11:12:50.300949+00:00,2025-11-27 11:12:50.300951+00:00
454,23,Bank Accounts,ASSET,452.0,2025-11-27 11:12:50.302368+00:00,2025-11-27 11:12:50.302370+00:00
455,23,Sundry Debtors,ASSET,452.0,2025-11-27 11:12:50.304942+00:00,2025-11-27 11:12:50.304945+00:00
456,23,Loans & Advances (Assets),ASSET,452.0,2025-11-27 11:12:50.308173+00:00,2025-11-27 11:12:50.308176+00:00
457,23,Deposits (Assets),ASSET,452.0,2025-11-27 11:12:50.309830+00:00,2025-11-27 11:12:50.309833+00:00
458,23,Stock-in-Hand,ASSET,452.0,2025-11-27 11:12:50.311212+00:00,2025-11-27 11:12:50.311214+00:00
459,23,Prepaid Expenses,ASSET,452.0,2025-11-27 11:12:50.313176+00:00,2025-11-27 11:12:50.313178+00:00
460,23,Input Tax Credits,ASSET,452.0,2025-11-27 11:12:50.314556+00:00,2025-11-27 11:12:50.314558+00:00
461,23,TDS Receivable,ASSET,452.0,2025-11-27 11:12:50.315966+00:00,2025-11-27 11:12:50.315969+00:00
462,23,VAT Receivable,ASSET,452.0,2025-11-27 11:12:50.317338+00:00,2025-11-27 11:12:50.317341+00:00
463,23,Fixed Assets,ASSET,451.0,2025-11-27 11:12:50.319259+00:00,2025-11-27 11:12:50.319262+00:00
464,23,Furniture & Fixtures,ASSET,463.0,2025-11-27 11:12:50.321270+00:00,2025-11-27 11:12:50.321273+00:00
465,23,Plant & Machinery,ASSET,463.0,2025-11-27 11:12:50.322693+00:00,2025-11-27 11:12:50.322696+00:00
466,23,Computers,ASSET,463.0,2025-11-27 11:12:50.324088+00:00,2025-11-27 11:12:50.324090+00:00
467,23,Office Equipment,ASSET,463.0,2025-11-27 11:12:50.325440+00:00,2025-11-27 11:12:50.325442+00:00
468,23,Land & Building,ASSET,463.0,2025-11-27 11:12:50.326740+00:00,2025-11-27 11:12:50.326742+00:00
469,23,Vehicles,ASSET,463.0,2025-11-27 11:12:50.327997+00:00,2025-11-27 11:12:50.327999+00:00
470,23,Liabilities,LIABILITY,,2025-11-27 11:12:50.329252+00:00,2025-11-27 11:12:50.329254+00:00
471,23,Current Liabilities,LIABILITY,470.0,2025-11-27 11:12:50.330558+00:00,2025-11-27 11:12:50.330560+00:00
472,23,Sundry Creditors,LIABILITY,471.0,2025-11-27 11:12:50.331841+00:00,2025-11-27 11:12:50.331844+00:00
473,23,Duties & Taxes,LIABILITY,471.0,2025-11-27 11:12:50.333132+00:00,2025-11-27 11:12:50.333135+00:00
474,23,TDS Payable,LIABILITY,471.0,2025-11-27 11:12:50.334358+00:00,2025-11-27 11:12:50.334361+00:00
475,23,VAT Payable,LIABILITY,471.0,2025-11-27 11:12:50.336048+00:00,2025-11-27 11:12:50.336052+00:00
476,23,GST Payable,LIABILITY,471.0,2025-11-27 11:12:50.337649+00:00,2025-11-27 11:12:50.337652+00:00
477,23,Payroll Payables,LIABILITY,471.0,2025-11-27 11:12:50.339357+00:00,2025-11-27 11:12:50.339360+00:00
478,23,Expenses Payable,LIABILITY,471.0,2025-11-27 11:12:50.340978+00:00,2025-11-27 11:12:50.340981+00:00
479,23,Advances from Customers,LIABILITY,471.0,2025-11-27 11:12:50.342413+00:00,2025-11-27 11:12:50.342416+00:00
480,23,Long Term Liabilities,LIABILITY,470.0,2025-11-27 11:12:50.343828+00:00,2025-11-27 11:12:50.343830+00:00
481,23,Secured Loans,LIABILITY,480.0,2025-11-27 11:12:50.345169+00:00,2025-11-27 11:12:50.345172+00:00
482,23,Unsecured Loans,LIABILITY,480.0,2025-11-27 11:12:50.346519+00:00,2025-11-27 11:12:50.346522+00:00
483,23,Owner’s Equity,LIABILITY,470.0,2025-11-27 11:12:50.349839+00:00,2025-11-27 11:12:50.349842+00:00
484,23,Capital Account,LIABILITY,483.0,2025-11-27 11:12:50.351750+00:00,2025-11-27 11:12:50.351755+00:00
485,23,Drawings,LIABILITY,483.0,2025-11-27 11:12:50.356485+00:00,2025-11-27 11:12:50.356489+00:00
486,23,Retained Earnings / Reserves & Surplus,LIABILITY,483.0,2025-11-27 11:12:50.358332+00:00,2025-11-27 11:12:50.358338+00:00
487,23,Income,INCOME,,2025-11-27 11:12:50.360186+00:00,2025-11-27 11:12:50.360188+00:00
488,23,Sales Accounts,INCOME,487.0,2025-11-27 11:12:50.361531+00:00,2025-11-27 11:12:50.361533+00:00
489,23,Indirect Income,INCOME,487.0,2025-11-27 11:12:50.362907+00:00,2025-11-27 11:12:50.362910+00:00
490,23,Direct Income,INCOME,487.0,2025-11-27 11:12:50.364159+00:00,2025-11-27 11:12:50.364161+00:00
491,23,Discount Received,INCOME,487.0,2025-11-27 11:12:50.365515+00:00,2025-11-27 11:12:50.365518+00:00
492,23,Commission Received,INCOME,487.0,2025-11-27 11:12:50.366817+00:00,2025-11-27 11:12:50.366819+00:00
493,23,Expenses,EXPENSE,,2025-11-27 11:12:50.368122+00:00,2025-11-27 11:12:50.368126+00:00
494,23,Direct Expenses,EXPENSE,493.0,2025-11-27 11:12:50.369491+00:00,2025-11-27 11:12:50.369494+00:00
495,23,Purchase Accounts,EXPENSE,494.0,2025-11-27 11:12:50.370931+00:00,2025-11-27 11:12:50.370934+00:00
496,23,Freight / Carriage Inwards,EXPENSE,494.0,2025-11-27 11:12:50.372130+00:00,2025-11-27 11:12:50.372132+00:00
497,23,Import Duty,EXPENSE,494.0,2025-11-27 11:12:50.373365+00:00,2025-11-27 11:12:50.373368+00:00
498,23,Manufacturing Expenses,EXPENSE,494.0,2025-11-27 11:12:50.374572+00:00,2025-11-27 11:12:50.374574+00:00
499,23,Indirect Expenses,EXPENSE,493.0,2025-11-27 11:12:50.375822+00:00,2025-11-27 11:12:50.375824+00:00
500,23,Salary Expense,EXPENSE,499.0,2025-11-27 11:12:50.377095+00:00,2025-11-27 11:12:50.377098+00:00
501,23,Office Rent,EXPENSE,499.0,2025-11-27 11:12:50.378416+00:00,2025-11-27 11:12:50.378418+00:00
502,23,Utilities,EXPENSE,499.0,2025-11-27 11:12:50.379709+00:00,2025-11-27 11:12:50.379712+00:00
503,23,Repair & Maintenance,EXPENSE,499.0,2025-11-27 11:12:50.381051+00:00,2025-11-27 11:12:50.381054+00:00
504,23,Fuel Expenses,EXPENSE,499.0,2025-11-27 11:12:50.382381+00:00,2025-11-27 11:12:50.382383+00:00
505,23,Travel Expenses,EXPENSE,499.0,2025-11-27 11:12:50.385547+00:00,2025-11-27 11:12:50.385550+00:00
506,23,Advertising Expenses,EXPENSE,499.0,2025-11-27 11:12:50.387154+00:00,2025-11-27 11:12:50.387157+00:00
507,23,Telephone/Internet Expense,EXPENSE,499.0,2025-11-27 11:12:50.388576+00:00,2025-11-27 11:12:50.388578+00:00
508,23,Miscellaneous Expenses,EXPENSE,499.0,2025-11-27 11:12:50.389996+00:00,2025-11-27 11:12:50.389999+00:00
509,23,Discount Allowed,EXPENSE,499.0,2025-11-27 11:12:50.391475+00:00,2025-11-27 11:12:50.391478+00:00
510,23,Commission Paid,EXPENSE,499.0,2025-11-27 11:12:50.392922+00:00,2025-11-27 11:12:50.392925+00:00
511,24,Assets,ASSET,,2025-11-29 03:11:22.171745+00:00,2025-11-29 03:11:22.171750+00:00
512,24,Current Assets,ASSET,511.0,2025-11-29 03:11:22.188743+00:00,2025-11-29 03:11:22.188749+00:00
513,24,Cash-in-Hand,ASSET,512.0,2025-11-29 03:11:22.193324+00:00,2025-11-29 03:11:22.193330+00:00
514,24,Bank Accounts,ASSET,512.0,2025-11-29 03:11:22.196363+00:00,2025-11-29 03:11:22.196367+00:00
515,24,Sundry Debtors,ASSET,512.0,2025-11-29 03:11:22.198417+00:00,2025-11-29 03:11:22.198421+00:00
516,24,Loans & Advances (Assets),ASSET,512.0,2025-11-29 03:11:22.200692+00:00,2025-11-29 03:11:22.200698+00:00
517,24,Deposits (Assets),ASSET,512.0,2025-11-29 03:11:22.204595+00:00,2025-11-29 03:11:22.204599+00:00
518,24,Stock-in-Hand,ASSET,512.0,2025-11-29 03:11:22.208600+00:00,2025-11-29 03:11:22.208605+00:00
519,24,Prepaid Expenses,ASSET,512.0,2025-11-29 03:11:22.210933+00:00,2025-11-29 03:11:22.210938+00:00
520,24,Input Tax Credits,ASSET,512.0,2025-11-29 03:11:22.213616+00:00,2025-11-29 03:11:22.213621+00:00
521,24,TDS Receivable,ASSET,512.0,2025-11-29 03:11:22.215758+00:00,2025-11-29 03:11:22.215763+00:00
522,24,VAT Receivable,ASSET,512.0,2025-11-29 03:11:22.217906+00:00,2025-11-29 03:11:22.217910+00:00
523,24,Fixed Assets,ASSET,511.0,2025-11-29 03:11:22.221454+00:00,2025-11-29 03:11:22.221457+00:00
524,24,Furniture & Fixtures,ASSET,523.0,2025-11-29 03:11:22.223501+00:00,2025-11-29 03:11:22.223506+00:00
525,24,Plant & Machinery,ASSET,523.0,2025-11-29 03:11:22.227095+00:00,2025-11-29 03:11:22.227101+00:00
526,24,Computers,ASSET,523.0,2025-11-29 03:11:22.229161+00:00,2025-11-29 03:11:22.229166+00:00
527,24,Office Equipment,ASSET,523.0,2025-11-29 03:11:22.231479+00:00,2025-11-29 03:11:22.231485+00:00
528,24,Land & Building,ASSET,523.0,2025-11-29 03:11:22.233543+00:00,2025-11-29 03:11:22.233548+00:00
529,24,Vehicles,ASSET,523.0,2025-11-29 03:11:22.235773+00:00,2025-11-29 03:11:22.235778+00:00
530,24,Liabilities,LIABILITY,,2025-11-29 03:11:22.239321+00:00,2025-11-29 03:11:22.239326+00:00
531,24,Current Liabilities,LIABILITY,530.0,2025-11-29 03:11:22.242857+00:00,2025-11-29 03:11:22.242861+00:00
532,24,Sundry Creditors,LIABILITY,531.0,2025-11-29 03:11:22.244896+00:00,2025-11-29 03:11:22.244902+00:00
533,24,Duties & Taxes,LIABILITY,531.0,2025-11-29 03:11:22.247156+00:00,2025-11-29 03:11:22.247162+00:00
534,24,TDS Payable,LIABILITY,531.0,2025-11-29 03:11:22.249420+00:00,2025-11-29 03:11:22.249423+00:00
535,24,VAT Payable,LIABILITY,531.0,2025-11-29 03:11:22.251686+00:00,2025-11-29 03:11:22.251692+00:00
536,24,GST Payable,LIABILITY,531.0,2025-11-29 03:11:22.255450+00:00,2025-11-29 03:11:22.255456+00:00
537,24,Payroll Payables,LIABILITY,531.0,2025-11-29 03:11:22.257491+00:00,2025-11-29 03:11:22.257499+00:00
538,24,Expenses Payable,LIABILITY,531.0,2025-11-29 03:11:22.261169+00:00,2025-11-29 03:11:22.261177+00:00
539,24,Advances from Customers,LIABILITY,531.0,2025-11-29 03:11:22.263329+00:00,2025-11-29 03:11:22.263333+00:00
540,24,Long Term Liabilities,LIABILITY,530.0,2025-11-29 03:11:22.265670+00:00,2025-11-29 03:11:22.265674+00:00
541,24,Secured Loans,LIABILITY,540.0,2025-11-29 03:11:22.267967+00:00,2025-11-29 03:11:22.267973+00:00
542,24,Unsecured Loans,LIABILITY,540.0,2025-11-29 03:11:22.270473+00:00,2025-11-29 03:11:22.270477+00:00
543,24,Owner’s Equity,LIABILITY,530.0,2025-11-29 03:11:22.273205+00:00,2025-11-29 03:11:22.273209+00:00
544,24,Capital Account,LIABILITY,543.0,2025-11-29 03:11:22.275261+00:00,2025-11-29 03:11:22.275264+00:00
545,24,Drawings,LIABILITY,543.0,2025-11-29 03:11:22.277206+00:00,2025-11-29 03:11:22.277211+00:00
546,24,Retained Earnings / Reserves & Surplus,LIABILITY,543.0,2025-11-29 03:11:22.279362+00:00,2025-11-29 03:11:22.279368+00:00
547,24,Income,INCOME,,2025-11-29 03:11:22.281134+00:00,2025-11-29 03:11:22.281138+00:00
548,24,Sales Accounts,INCOME,547.0,2025-11-29 03:11:22.282975+00:00,2025-11-29 03:11:22.282980+00:00
549,24,Indirect Income,INCOME,547.0,2025-11-29 03:11:22.285042+00:00,2025-11-29 03:11:22.285045+00:00
550,24,Direct Income,INCOME,547.0,2025-11-29 03:11:22.287362+00:00,2025-11-29 03:11:22.287371+00:00
551,24,Discount Received,INCOME,547.0,2025-11-29 03:11:22.289905+00:00,2025-11-29 03:11:22.289911+00:00
552,24,Commission Received,INCOME,547.0,2025-11-29 03:11:22.292164+00:00,2025-11-29 03:11:22.292174+00:00
553,24,Expenses,EXPENSE,,2025-11-29 03:11:22.294131+00:00,2025-11-29 03:11:22.294136+00:00
554,24,Direct Expenses,EXPENSE,553.0,2025-11-29 03:11:22.296119+00:00,2025-11-29 03:11:22.296122+00:00
555,24,Purchase Accounts,EXPENSE,554.0,2025-11-29 03:11:22.298255+00:00,2025-11-29 03:11:22.298258+00:00
556,24,Freight / Carriage Inwards,EXPENSE,554.0,2025-11-29 03:11:22.299796+00:00,2025-11-29 03:11:22.299799+00:00
557,24,Import Duty,EXPENSE,554.0,2025-11-29 03:11:22.301951+00:00,2025-11-29 03:11:22.301958+00:00
558,24,Manufacturing Expenses,EXPENSE,554.0,2025-11-29 03:11:22.304211+00:00,2025-11-29 03:11:22.304214+00:00
559,24,Indirect Expenses,EXPENSE,553.0,2025-11-29 03:11:22.307256+00:00,2025-11-29 03:11:22.307260+00:00
560,24,Salary Expense,EXPENSE,559.0,2025-11-29 03:11:22.309628+00:00,2025-11-29 03:11:22.309634+00:00
561,24,Office Rent,EXPENSE,559.0,2025-11-29 03:11:22.311617+00:00,2025-11-29 03:11:22.311621+00:00
562,24,Utilities,EXPENSE,559.0,2025-11-29 03:11:22.313325+00:00,2025-11-29 03:11:22.313328+00:00
563,24,Repair & Maintenance,EXPENSE,559.0,2025-11-29 03:11:22.314967+00:00,2025-11-29 03:11:22.314970+00:00
564,24,Fuel Expenses,EXPENSE,559.0,2025-11-29 03:11:22.316579+00:00,2025-11-29 03:11:22.316582+00:00
565,24,Travel Expenses,EXPENSE,559.0,2025-11-29 03:11:22.318786+00:00,2025-11-29 03:11:22.318791+00:00
566,24,Advertising Expenses,EXPENSE,559.0,2025-11-29 03:11:22.320751+00:00,2025-11-29 03:11:22.320757+00:00
567,24,Telephone/Internet Expense,EXPENSE,559.0,2025-11-29 03:11:22.322478+00:00,2025-11-29 03:11:22.322482+00:00
568,24,Miscellaneous Expenses,EXPENSE,559.0,2025-11-29 03:11:22.324173+00:00,2025-11-29 03:11:22.324178+00:00
569,24,Discount Allowed,EXPENSE,559.0,2025-11-29 03:11:22.326154+00:00,2025-11-29 03:11:22.326157+00:00
570,24,Commission Paid,EXPENSE,559.0,2025-11-29 03:11:22.328006+00:00,2025-11-29 03:11:22.328011+00:00
21,6,Saipal,LIABILITY,,2025-11-22 06:37:48.368410+00:00,2025-11-29 06:51:35.129700+00:00
259,6,Indirect Expenses,EXPENSE,,2025-11-23 08:14:49.014126+00:00,2025-11-23 08:14:49.014129+00:00
571,6,Expenses,EXPENSE,,2025-12-07 03:39:59.292147+00:00,2025-12-07 03:39:59.292153+00:00
572,6,Direct Expenses,EXPENSE,571.0,2025-12-07 03:39:59.315285+00:00,2025-12-07 03:39:59.315293+00:00
574,6,Freight / Carriage Inwards,EXPENSE,572.0,2025-12-07 03:39:59.319685+00:00,2025-12-07 03:39:59.319688+00:00
575,6,Import Duty,EXPENSE,572.0,2025-12-07 03:39:59.321349+00:00,2025-12-07 03:39:59.321352+00:00
577,6,Indirect Expenses,EXPENSE,571.0,2025-12-07 03:39:59.324845+00:00,2025-12-07 03:39:59.324848+00:00
255,6,Purchase Accounts,ASSET,,2025-11-23 08:14:49.008343+00:00,2025-12-01 23:39:43.600116+00:00
217,6,Deposits (Assets),ASSET,,2025-11-23 08:14:48.947310+00:00,2025-11-23 08:14:48.947327+00:00
218,6,Stock-in-Hand,ASSET,,2025-11-23 08:14:48.950179+00:00,2025-11-23 08:14:48.950183+00:00
219,6,Prepaid Expenses,ASSET,,2025-11-23 08:14:48.952143+00:00,2025-11-23 08:14:48.952146+00:00
220,6,Input Tax Credits,ASSET,,2025-11-23 08:14:48.953762+00:00,2025-11-23 08:14:48.953765+00:00
221,6,TDS Receivable,ASSET,,2025-11-23 08:14:48.955258+00:00,2025-11-23 08:14:48.955261+00:00
222,6,VAT Receivable,ASSET,,2025-11-23 08:14:48.956797+00:00,2025-11-23 08:14:48.956800+00:00
589,6,Current Assets,ASSET,211.0,2025-12-14 13:18:39.335807+00:00,2025-12-14 13:18:39.335813+00:00
590,6,Cash-in-Hand,ASSET,589.0,2025-12-14 13:18:39.353343+00:00,2025-12-14 13:18:39.353347+00:00
591,6,Bank Accounts,ASSET,589.0,2025-12-14 13:18:39.356558+00:00,2025-12-14 13:18:39.356565+00:00
592,6,Sundry Debtors,ASSET,589.0,2025-12-14 13:18:39.359297+00:00,2025-12-14 13:18:39.359303+00:00
593,6,Loans & Advances (Assets),ASSET,589.0,2025-12-14 13:18:39.361126+00:00,2025-12-14 13:18:39.361129+00:00
594,6,Deposits (Assets),ASSET,589.0,2025-12-14 13:18:39.362666+00:00,2025-12-14 13:18:39.362669+00:00
595,6,Stock-in-Hand,ASSET,589.0,2025-12-14 13:18:39.364181+00:00,2025-12-14 13:18:39.364184+00:00
596,6,Prepaid Expenses,ASSET,589.0,2025-12-14 13:18:39.365656+00:00,2025-12-14 13:18:39.365659+00:00
597,6,Input Tax Credits,ASSET,589.0,2025-12-14 13:18:39.367465+00:00,2025-12-14 13:18:39.367468+00:00
598,6,TDS Receivable,ASSET,589.0,2025-12-14 13:18:39.369496+00:00,2025-12-14 13:18:39.369502+00:00
599,6,VAT Receivable,ASSET,589.0,2025-12-14 13:18:39.372187+00:00,2025-12-14 13:18:39.372192+00:00
600,6,Purchase Accounts,EXPENSE,572.0,2025-12-14 13:18:39.399138+00:00,2025-12-14 13:18:39.399141+00:00
601,6,Manufacturing Expenses,EXPENSE,572.0,2025-12-14 13:18:39.402312+00:00,2025-12-14 13:18:39.402316+00:00
602,6,Salary Expense,EXPENSE,577.0,2025-12-14 13:18:39.404560+00:00,2025-12-14 13:18:39.404563+00:00
603,6,Office Rent,EXPENSE,577.0,2025-12-14 13:18:39.406508+00:00,2025-12-14 13:18:39.406513+00:00
604,6,Utilities,EXPENSE,577.0,2025-12-14 13:18:39.408068+00:00,2025-12-14 13:18:39.408071+00:00
605,6,Repair & Maintenance,EXPENSE,577.0,2025-12-14 13:18:39.409461+00:00,2025-12-14 13:18:39.409464+00:00
606,6,Fuel Expenses,EXPENSE,577.0,2025-12-14 13:18:39.410989+00:00,2025-12-14 13:18:39.410992+00:00
607,6,Travel Expenses,EXPENSE,577.0,2025-12-14 13:18:39.412414+00:00,2025-12-14 13:18:39.412417+00:00
608,6,Advertising Expenses,EXPENSE,577.0,2025-12-14 13:18:39.413825+00:00,2025-12-14 13:18:39.413830+00:00
609,6,Telephone/Internet Expense,EXPENSE,577.0,2025-12-14 13:18:39.415664+00:00,2025-12-14 13:18:39.415667+00:00
610,6,Miscellaneous Expenses,EXPENSE,577.0,2025-12-14 13:18:39.416988+00:00,2025-12-14 13:18:39.416990+00:00
611,6,Discount Allowed,EXPENSE,577.0,2025-12-14 13:18:39.418412+00:00,2025-12-14 13:18:39.418415+00:00
612,6,Commission Paid,EXPENSE,577.0,2025-12-14 13:18:39.419895+00:00,2025-12-14 13:18:39.419898+00:00
613,1,Assets,ASSET,,2025-12-14 13:30:39.928762+00:00,2025-12-14 13:30:39.928772+00:00
614,1,Current Assets,ASSET,613.0,2025-12-14 13:30:39.946693+00:00,2025-12-14 13:30:39.946697+00:00
615,1,Cash-in-Hand,ASSET,614.0,2025-12-14 13:30:39.949727+00:00,2025-12-14 13:30:39.949733+00:00
616,1,Bank Accounts,ASSET,614.0,2025-12-14 13:30:39.952289+00:00,2025-12-14 13:30:39.952295+00:00
617,1,Sundry Debtors,ASSET,614.0,2025-12-14 13:30:39.955390+00:00,2025-12-14 13:30:39.955396+00:00
618,1,Loans & Advances (Assets),ASSET,614.0,2025-12-14 13:30:39.957640+00:00,2025-12-14 13:30:39.957645+00:00
619,1,Deposits (Assets),ASSET,614.0,2025-12-14 13:30:39.959774+00:00,2025-12-14 13:30:39.959779+00:00
620,1,Stock-in-Hand,ASSET,614.0,2025-12-14 13:30:39.961730+00:00,2025-12-14 13:30:39.961735+00:00
621,1,Prepaid Expenses,ASSET,614.0,2025-12-14 13:30:39.963567+00:00,2025-12-14 13:30:39.963572+00:00
622,1,Input Tax Credits,ASSET,614.0,2025-12-14 13:30:39.966552+00:00,2025-12-14 13:30:39.966558+00:00
623,1,TDS Receivable,ASSET,614.0,2025-12-14 13:30:39.969285+00:00,2025-12-14 13:30:39.969291+00:00
624,1,VAT Receivable,ASSET,614.0,2025-12-14 13:30:39.972090+00:00,2025-12-14 13:30:39.972094+00:00
625,1,Fixed Assets,ASSET,613.0,2025-12-14 13:30:39.974434+00:00,2025-12-14 13:30:39.974437+00:00
626,1,Furniture & Fixtures,ASSET,625.0,2025-12-14 13:30:39.976493+00:00,2025-12-14 13:30:39.976498+00:00
627,1,Plant & Machinery,ASSET,625.0,2025-12-14 13:30:39.978501+00:00,2025-12-14 13:30:39.978505+00:00
628,1,Computers,ASSET,625.0,2025-12-14 13:30:39.980672+00:00,2025-12-14 13:30:39.980677+00:00
629,1,Office Equipment,ASSET,625.0,2025-12-14 13:30:39.984020+00:00,2025-12-14 13:30:39.984025+00:00
630,1,Land & Building,ASSET,625.0,2025-12-14 13:30:39.986461+00:00,2025-12-14 13:30:39.986467+00:00
631,1,Vehicles,ASSET,625.0,2025-12-14 13:30:39.989200+00:00,2025-12-14 13:30:39.989204+00:00
632,1,Liabilities,LIABILITY,,2025-12-14 13:30:39.991026+00:00,2025-12-14 13:30:39.991031+00:00
633,1,Current Liabilities,LIABILITY,632.0,2025-12-14 13:30:39.992991+00:00,2025-12-14 13:30:39.992994+00:00
634,1,Sundry Creditors,LIABILITY,633.0,2025-12-14 13:30:39.995016+00:00,2025-12-14 13:30:39.995023+00:00
635,1,Duties & Taxes,LIABILITY,633.0,2025-12-14 13:30:39.997415+00:00,2025-12-14 13:30:39.997419+00:00
636,1,TDS Payable,LIABILITY,633.0,2025-12-14 13:30:40.000219+00:00,2025-12-14 13:30:40.000224+00:00
637,1,VAT Payable,LIABILITY,633.0,2025-12-14 13:30:40.002479+00:00,2025-12-14 13:30:40.002485+00:00
638,1,GST Payable,LIABILITY,633.0,2025-12-14 13:30:40.005001+00:00,2025-12-14 13:30:40.005007+00:00
639,1,Payroll Payables,LIABILITY,633.0,2025-12-14 13:30:40.007245+00:00,2025-12-14 13:30:40.007248+00:00
640,1,Expenses Payable,LIABILITY,633.0,2025-12-14 13:30:40.009190+00:00,2025-12-14 13:30:40.009198+00:00
641,1,Advances from Customers,LIABILITY,633.0,2025-12-14 13:30:40.011086+00:00,2025-12-14 13:30:40.011090+00:00
642,1,Long Term Liabilities,LIABILITY,632.0,2025-12-14 13:30:40.012989+00:00,2025-12-14 13:30:40.012992+00:00
643,1,Secured Loans,LIABILITY,642.0,2025-12-14 13:30:40.015668+00:00,2025-12-14 13:30:40.015674+00:00
644,1,Unsecured Loans,LIABILITY,642.0,2025-12-14 13:30:40.017900+00:00,2025-12-14 13:30:40.017906+00:00
645,1,Owner’s Equity,LIABILITY,632.0,2025-12-14 13:30:40.020777+00:00,2025-12-14 13:30:40.020782+00:00
646,1,Capital Account,LIABILITY,645.0,2025-12-14 13:30:40.023039+00:00,2025-12-14 13:30:40.023045+00:00
647,1,Drawings,LIABILITY,645.0,2025-12-14 13:30:40.024991+00:00,2025-12-14 13:30:40.024994+00:00
648,1,Retained Earnings / Reserves & Surplus,LIABILITY,645.0,2025-12-14 13:30:40.027155+00:00,2025-12-14 13:30:40.027159+00:00
649,1,Income,INCOME,,2025-12-14 13:30:40.029644+00:00,2025-12-14 13:30:40.029651+00:00
650,1,Sales Accounts,INCOME,649.0,2025-12-14 13:30:40.033291+00:00,2025-12-14 13:30:40.033296+00:00
651,1,Indirect Income,INCOME,649.0,2025-12-14 13:30:40.035617+00:00,2025-12-14 13:30:40.035624+00:00
652,1,Direct Income,INCOME,649.0,2025-12-14 13:30:40.038564+00:00,2025-12-14 13:30:40.038569+00:00
653,1,Discount Received,INCOME,649.0,2025-12-14 13:30:40.040563+00:00,2025-12-14 13:30:40.040566+00:00
654,1,Commission Received,INCOME,649.0,2025-12-14 13:30:40.042388+00:00,2025-12-14 13:30:40.042392+00:00
655,1,Expenses,EXPENSE,,2025-12-14 13:30:40.044444+00:00,2025-12-14 13:30:40.044448+00:00
656,1,Direct Expenses,EXPENSE,655.0,2025-12-14 13:30:40.046995+00:00,2025-12-14 13:30:40.047000+00:00
657,1,Purchase Accounts,EXPENSE,656.0,2025-12-14 13:30:40.049896+00:00,2025-12-14 13:30:40.049903+00:00
658,1,Freight / Carriage Inwards,EXPENSE,656.0,2025-12-14 13:30:40.052470+00:00,2025-12-14 13:30:40.052474+00:00
659,1,Import Duty,EXPENSE,656.0,2025-12-14 13:30:40.055241+00:00,2025-12-14 13:30:40.055247+00:00
660,1,Manufacturing Expenses,EXPENSE,656.0,2025-12-14 13:30:40.057214+00:00,2025-12-14 13:30:40.057218+00:00
661,1,Indirect Expenses,EXPENSE,655.0,2025-12-14 13:30:40.058891+00:00,2025-12-14 13:30:40.058894+00:00
662,1,Salary Expense,EXPENSE,661.0,2025-12-14 13:30:40.060955+00:00,2025-12-14 13:30:40.060961+00:00
663,1,Office Rent,EXPENSE,661.0,2025-12-14 13:30:40.062861+00:00,2025-12-14 13:30:40.062864+00:00
664,1,Utilities,EXPENSE,661.0,2025-12-14 13:30:40.065245+00:00,2025-12-14 13:30:40.065252+00:00
665,1,Repair & Maintenance,EXPENSE,661.0,2025-12-14 13:30:40.068081+00:00,2025-12-14 13:30:40.068087+00:00
666,1,Fuel Expenses,EXPENSE,661.0,2025-12-14 13:30:40.070902+00:00,2025-12-14 13:30:40.070907+00:00
667,1,Travel Expenses,EXPENSE,661.0,2025-12-14 13:30:40.072921+00:00,2025-12-14 13:30:40.072924+00:00
668,1,Advertising Expenses,EXPENSE,661.0,2025-12-14 13:30:40.074998+00:00,2025-12-14 13:30:40.075005+00:00
669,1,Telephone/Internet Expense,EXPENSE,661.0,2025-12-14 13:30:40.077157+00:00,2025-12-14 13:30:40.077161+00:00
670,1,Miscellaneous Expenses,EXPENSE,661.0,2025-12-14 13:30:40.079103+00:00,2025-12-14 13:30:40.079108+00:00
671,1,Discount Allowed,EXPENSE,661.0,2025-12-14 13:30:40.080795+00:00,2025-12-14 13:30:40.080800+00:00
672,1,Commission Paid,EXPENSE,661.0,2025-12-14 13:30:40.083546+00:00,2025-12-14 13:30:40.083551+00:00
673,3,Assets,ASSET,,2025-12-14 13:30:40.187818+00:00,2025-12-14 13:30:40.187823+00:00
674,3,Current Assets,ASSET,673.0,2025-12-14 13:30:40.189503+00:00,2025-12-14 13:30:40.189506+00:00
675,3,Cash-in-Hand,ASSET,674.0,2025-12-14 13:30:40.191103+00:00,2025-12-14 13:30:40.191107+00:00
676,3,Bank Accounts,ASSET,674.0,2025-12-14 13:30:40.192659+00:00,2025-12-14 13:30:40.192662+00:00
677,3,Sundry Debtors,ASSET,674.0,2025-12-14 13:30:40.194651+00:00,2025-12-14 13:30:40.194655+00:00
678,3,Loans & Advances (Assets),ASSET,674.0,2025-12-14 13:30:40.196550+00:00,2025-12-14 13:30:40.196553+00:00
679,3,Deposits (Assets),ASSET,674.0,2025-12-14 13:30:40.198845+00:00,2025-12-14 13:30:40.198850+00:00
680,3,Stock-in-Hand,ASSET,674.0,2025-12-14 13:30:40.201328+00:00,2025-12-14 13:30:40.201332+00:00
681,3,Prepaid Expenses,ASSET,674.0,2025-12-14 13:30:40.203838+00:00,2025-12-14 13:30:40.203843+00:00
682,3,Input Tax Credits,ASSET,674.0,2025-12-14 13:30:40.205720+00:00,2025-12-14 13:30:40.205724+00:00
683,3,TDS Receivable,ASSET,674.0,2025-12-14 13:30:40.207707+00:00,2025-12-14 13:30:40.207712+00:00
684,3,VAT Receivable,ASSET,674.0,2025-12-14 13:30:40.209496+00:00,2025-12-14 13:30:40.209501+00:00
685,3,Fixed Assets,ASSET,673.0,2025-12-14 13:30:40.211307+00:00,2025-12-14 13:30:40.211312+00:00
686,3,Furniture & Fixtures,ASSET,685.0,2025-12-14 13:30:40.215265+00:00,2025-12-14 13:30:40.215271+00:00
687,3,Plant & Machinery,ASSET,685.0,2025-12-14 13:30:40.217748+00:00,2025-12-14 13:30:40.217752+00:00
688,3,Computers,ASSET,685.0,2025-12-14 13:30:40.219949+00:00,2025-12-14 13:30:40.219954+00:00
689,3,Office Equipment,ASSET,685.0,2025-12-14 13:30:40.221956+00:00,2025-12-14 13:30:40.221959+00:00
690,3,Land & Building,ASSET,685.0,2025-12-14 13:30:40.223899+00:00,2025-12-14 13:30:40.223904+00:00
691,3,Vehicles,ASSET,685.0,2025-12-14 13:30:40.226004+00:00,2025-12-14 13:30:40.226008+00:00
692,3,Liabilities,LIABILITY,,2025-12-14 13:30:40.227790+00:00,2025-12-14 13:30:40.227793+00:00
693,3,Current Liabilities,LIABILITY,692.0,2025-12-14 13:30:40.229807+00:00,2025-12-14 13:30:40.229812+00:00
694,3,Sundry Creditors,LIABILITY,693.0,2025-12-14 13:30:40.232248+00:00,2025-12-14 13:30:40.232253+00:00
695,3,Duties & Taxes,LIABILITY,693.0,2025-12-14 13:30:40.234615+00:00,2025-12-14 13:30:40.234621+00:00
696,3,TDS Payable,LIABILITY,693.0,2025-12-14 13:30:40.237344+00:00,2025-12-14 13:30:40.237348+00:00
697,3,VAT Payable,LIABILITY,693.0,2025-12-14 13:30:40.239461+00:00,2025-12-14 13:30:40.239465+00:00
698,3,GST Payable,LIABILITY,693.0,2025-12-14 13:30:40.241400+00:00,2025-12-14 13:30:40.241404+00:00
699,3,Payroll Payables,LIABILITY,693.0,2025-12-14 13:30:40.243301+00:00,2025-12-14 13:30:40.243304+00:00
700,3,Expenses Payable,LIABILITY,693.0,2025-12-14 13:30:40.245505+00:00,2025-12-14 13:30:40.245510+00:00
701,3,Advances from Customers,LIABILITY,693.0,2025-12-14 13:30:40.247506+00:00,2025-12-14 13:30:40.247510+00:00
702,3,Long Term Liabilities,LIABILITY,692.0,2025-12-14 13:30:40.250206+00:00,2025-12-14 13:30:40.250210+00:00
703,3,Secured Loans,LIABILITY,702.0,2025-12-14 13:30:40.252652+00:00,2025-12-14 13:30:40.252660+00:00
704,3,Unsecured Loans,LIABILITY,702.0,2025-12-14 13:30:40.255138+00:00,2025-12-14 13:30:40.255144+00:00
705,3,Owner’s Equity,LIABILITY,692.0,2025-12-14 13:30:40.257359+00:00,2025-12-14 13:30:40.257364+00:00
706,3,Capital Account,LIABILITY,705.0,2025-12-14 13:30:40.259414+00:00,2025-12-14 13:30:40.259418+00:00
707,3,Drawings,LIABILITY,705.0,2025-12-14 13:30:40.261662+00:00,2025-12-14 13:30:40.261667+00:00
708,3,Retained Earnings / Reserves & Surplus,LIABILITY,705.0,2025-12-14 13:30:40.263809+00:00,2025-12-14 13:30:40.263814+00:00
709,3,Income,INCOME,,2025-12-14 13:30:40.266880+00:00,2025-12-14 13:30:40.266886+00:00
710,3,Sales Accounts,INCOME,709.0,2025-12-14 13:30:40.269392+00:00,2025-12-14 13:30:40.269396+00:00
711,3,Indirect Income,INCOME,709.0,2025-12-14 13:30:40.271822+00:00,2025-12-14 13:30:40.271827+00:00
712,3,Direct Income,INCOME,709.0,2025-12-14 13:30:40.274057+00:00,2025-12-14 13:30:40.274063+00:00
713,3,Discount Received,INCOME,709.0,2025-12-14 13:30:40.276606+00:00,2025-12-14 13:30:40.276611+00:00
714,3,Commission Received,INCOME,709.0,2025-12-14 13:30:40.278544+00:00,2025-12-14 13:30:40.278548+00:00
715,3,Expenses,EXPENSE,,2025-12-14 13:30:40.280566+00:00,2025-12-14 13:30:40.280573+00:00
716,3,Direct Expenses,EXPENSE,715.0,2025-12-14 13:30:40.284036+00:00,2025-12-14 13:30:40.284041+00:00
717,3,Purchase Accounts,EXPENSE,716.0,2025-12-14 13:30:40.286485+00:00,2025-12-14 13:30:40.286490+00:00
718,3,Freight / Carriage Inwards,EXPENSE,716.0,2025-12-14 13:30:40.288863+00:00,2025-12-14 13:30:40.288868+00:00
719,3,Import Duty,EXPENSE,716.0,2025-12-14 13:30:40.290832+00:00,2025-12-14 13:30:40.290836+00:00
720,3,Manufacturing Expenses,EXPENSE,716.0,2025-12-14 13:30:40.292775+00:00,2025-12-14 13:30:40.292779+00:00
721,3,Indirect Expenses,EXPENSE,715.0,2025-12-14 13:30:40.294707+00:00,2025-12-14 13:30:40.294710+00:00
722,3,Salary Expense,EXPENSE,721.0,2025-12-14 13:30:40.296627+00:00,2025-12-14 13:30:40.296630+00:00
723,3,Office Rent,EXPENSE,721.0,2025-12-14 13:30:40.299215+00:00,2025-12-14 13:30:40.299233+00:00
724,3,Utilities,EXPENSE,721.0,2025-12-14 13:30:40.301765+00:00,2025-12-14 13:30:40.301772+00:00
725,3,Repair & Maintenance,EXPENSE,721.0,2025-12-14 13:30:40.304297+00:00,2025-12-14 13:30:40.304302+00:00
726,3,Fuel Expenses,EXPENSE,721.0,2025-12-14 13:30:40.306571+00:00,2025-12-14 13:30:40.306575+00:00
727,3,Travel Expenses,EXPENSE,721.0,2025-12-14 13:30:40.308670+00:00,2025-12-14 13:30:40.308675+00:00
728,3,Advertising Expenses,EXPENSE,721.0,2025-12-14 13:30:40.310569+00:00,2025-12-14 13:30:40.310572+00:00
729,3,Telephone/Internet Expense,EXPENSE,721.0,2025-12-14 13:30:40.312514+00:00,2025-12-14 13:30:40.312518+00:00
730,3,Miscellaneous Expenses,EXPENSE,721.0,2025-12-14 13:30:40.314577+00:00,2025-12-14 13:30:40.314584+00:00
731,3,Discount Allowed,EXPENSE,721.0,2025-12-14 13:30:40.317190+00:00,2025-12-14 13:30:40.317193+00:00
732,3,Commission Paid,EXPENSE,721.0,2025-12-14 13:30:40.319592+00:00,2025-12-14 13:30:40.319597+00:00
733,4,Assets,ASSET,,2025-12-14 13:30:40.372957+00:00,2025-12-14 13:30:40.372961+00:00
734,4,Current Assets,ASSET,733.0,2025-12-14 13:30:40.375019+00:00,2025-12-14 13:30:40.375024+00:00
735,4,Cash-in-Hand,ASSET,734.0,2025-12-14 13:30:40.377149+00:00,2025-12-14 13:30:40.377154+00:00
736,4,Bank Accounts,ASSET,734.0,2025-12-14 13:30:40.379020+00:00,2025-12-14 13:30:40.379025+00:00
737,4,Sundry Debtors,ASSET,734.0,2025-12-14 13:30:40.381039+00:00,2025-12-14 13:30:40.381046+00:00
738,4,Loans & Advances (Assets),ASSET,734.0,2025-12-14 13:30:40.383994+00:00,2025-12-14 13:30:40.383999+00:00
739,4,Deposits (Assets),ASSET,734.0,2025-12-14 13:30:40.386850+00:00,2025-12-14 13:30:40.386855+00:00
740,4,Stock-in-Hand,ASSET,734.0,2025-12-14 13:30:40.388945+00:00,2025-12-14 13:30:40.388950+00:00
741,4,Prepaid Expenses,ASSET,734.0,2025-12-14 13:30:40.390918+00:00,2025-12-14 13:30:40.390925+00:00
742,4,Input Tax Credits,ASSET,734.0,2025-12-14 13:30:40.392793+00:00,2025-12-14 13:30:40.392804+00:00
743,4,TDS Receivable,ASSET,734.0,2025-12-14 13:30:40.395200+00:00,2025-12-14 13:30:40.395205+00:00
744,4,VAT Receivable,ASSET,734.0,2025-12-14 13:30:40.397136+00:00,2025-12-14 13:30:40.397140+00:00
745,4,Fixed Assets,ASSET,733.0,2025-12-14 13:30:40.399867+00:00,2025-12-14 13:30:40.399870+00:00
746,4,Furniture & Fixtures,ASSET,745.0,2025-12-14 13:30:40.402139+00:00,2025-12-14 13:30:40.402144+00:00
747,4,Plant & Machinery,ASSET,745.0,2025-12-14 13:30:40.404495+00:00,2025-12-14 13:30:40.404500+00:00
748,4,Computers,ASSET,745.0,2025-12-14 13:30:40.406734+00:00,2025-12-14 13:30:40.406738+00:00
749,4,Office Equipment,ASSET,745.0,2025-12-14 13:30:40.408589+00:00,2025-12-14 13:30:40.408592+00:00
750,4,Land & Building,ASSET,745.0,2025-12-14 13:30:40.410647+00:00,2025-12-14 13:30:40.410652+00:00
751,4,Vehicles,ASSET,745.0,2025-12-14 13:30:40.412705+00:00,2025-12-14 13:30:40.412710+00:00
752,4,Liabilities,LIABILITY,,2025-12-14 13:30:40.415113+00:00,2025-12-14 13:30:40.415117+00:00
753,4,Current Liabilities,LIABILITY,752.0,2025-12-14 13:30:40.417794+00:00,2025-12-14 13:30:40.417799+00:00
754,4,Sundry Creditors,LIABILITY,753.0,2025-12-14 13:30:40.420317+00:00,2025-12-14 13:30:40.420323+00:00
755,4,Duties & Taxes,LIABILITY,753.0,2025-12-14 13:30:40.422470+00:00,2025-12-14 13:30:40.422475+00:00
756,4,TDS Payable,LIABILITY,753.0,2025-12-14 13:30:40.424366+00:00,2025-12-14 13:30:40.424371+00:00
757,4,VAT Payable,LIABILITY,753.0,2025-12-14 13:30:40.426527+00:00,2025-12-14 13:30:40.426536+00:00
758,4,GST Payable,LIABILITY,753.0,2025-12-14 13:30:40.428450+00:00,2025-12-14 13:30:40.428455+00:00
759,4,Payroll Payables,LIABILITY,753.0,2025-12-14 13:30:40.430838+00:00,2025-12-14 13:30:40.430843+00:00
760,4,Expenses Payable,LIABILITY,753.0,2025-12-14 13:30:40.433284+00:00,2025-12-14 13:30:40.433290+00:00
761,4,Advances from Customers,LIABILITY,753.0,2025-12-14 13:30:40.435839+00:00,2025-12-14 13:30:40.435845+00:00
762,4,Long Term Liabilities,LIABILITY,752.0,2025-12-14 13:30:40.438331+00:00,2025-12-14 13:30:40.438335+00:00
763,4,Secured Loans,LIABILITY,762.0,2025-12-14 13:30:40.440381+00:00,2025-12-14 13:30:40.440386+00:00
764,4,Unsecured Loans,LIABILITY,762.0,2025-12-14 13:30:40.442379+00:00,2025-12-14 13:30:40.442384+00:00
765,4,Owner’s Equity,LIABILITY,752.0,2025-12-14 13:30:40.444397+00:00,2025-12-14 13:30:40.444402+00:00
766,4,Capital Account,LIABILITY,765.0,2025-12-14 13:30:40.446561+00:00,2025-12-14 13:30:40.446566+00:00
767,4,Drawings,LIABILITY,765.0,2025-12-14 13:30:40.449222+00:00,2025-12-14 13:30:40.449229+00:00
768,4,Retained Earnings / Reserves & Surplus,LIABILITY,765.0,2025-12-14 13:30:40.451708+00:00,2025-12-14 13:30:40.451714+00:00
769,4,Income,INCOME,,2025-12-14 13:30:40.454225+00:00,2025-12-14 13:30:40.454231+00:00
770,4,Sales Accounts,INCOME,769.0,2025-12-14 13:30:40.456409+00:00,2025-12-14 13:30:40.456414+00:00
771,4,Indirect Income,INCOME,769.0,2025-12-14 13:30:40.458414+00:00,2025-12-14 13:30:40.458419+00:00
772,4,Direct Income,INCOME,769.0,2025-12-14 13:30:40.460416+00:00,2025-12-14 13:30:40.460420+00:00
773,4,Discount Received,INCOME,769.0,2025-12-14 13:30:40.462529+00:00,2025-12-14 13:30:40.462534+00:00
774,4,Commission Received,INCOME,769.0,2025-12-14 13:30:40.464528+00:00,2025-12-14 13:30:40.464537+00:00
775,4,Expenses,EXPENSE,,2025-12-14 13:30:40.467251+00:00,2025-12-14 13:30:40.467256+00:00
776,4,Direct Expenses,EXPENSE,775.0,2025-12-14 13:30:40.469556+00:00,2025-12-14 13:30:40.469561+00:00
777,4,Purchase Accounts,EXPENSE,776.0,2025-12-14 13:30:40.471903+00:00,2025-12-14 13:30:40.471909+00:00
778,4,Freight / Carriage Inwards,EXPENSE,776.0,2025-12-14 13:30:40.473821+00:00,2025-12-14 13:30:40.473825+00:00
779,4,Import Duty,EXPENSE,776.0,2025-12-14 13:30:40.476087+00:00,2025-12-14 13:30:40.476103+00:00
780,4,Manufacturing Expenses,EXPENSE,776.0,2025-12-14 13:30:40.478123+00:00,2025-12-14 13:30:40.478127+00:00
781,4,Indirect Expenses,EXPENSE,775.0,2025-12-14 13:30:40.480158+00:00,2025-12-14 13:30:40.480162+00:00
782,4,Salary Expense,EXPENSE,781.0,2025-12-14 13:30:40.482673+00:00,2025-12-14 13:30:40.482678+00:00
783,4,Office Rent,EXPENSE,781.0,2025-12-14 13:30:40.485670+00:00,2025-12-14 13:30:40.485676+00:00
784,4,Utilities,EXPENSE,781.0,2025-12-14 13:30:40.488074+00:00,2025-12-14 13:30:40.488092+00:00
785,4,Repair & Maintenance,EXPENSE,781.0,2025-12-14 13:30:40.490078+00:00,2025-12-14 13:30:40.490082+00:00
786,4,Fuel Expenses,EXPENSE,781.0,2025-12-14 13:30:40.492008+00:00,2025-12-14 13:30:40.492013+00:00
787,4,Travel Expenses,EXPENSE,781.0,2025-12-14 13:30:40.493804+00:00,2025-12-14 13:30:40.493808+00:00
788,4,Advertising Expenses,EXPENSE,781.0,2025-12-14 13:30:40.495933+00:00,2025-12-14 13:30:40.495938+00:00
789,4,Telephone/Internet Expense,EXPENSE,781.0,2025-12-14 13:30:40.498214+00:00,2025-12-14 13:30:40.498219+00:00
790,4,Miscellaneous Expenses,EXPENSE,781.0,2025-12-14 13:30:40.500637+00:00,2025-12-14 13:30:40.500642+00:00
791,4,Discount Allowed,EXPENSE,781.0,2025-12-14 13:30:40.503152+00:00,2025-12-14 13:30:40.503157+00:00
792,4,Commission Paid,EXPENSE,781.0,2025-12-14 13:30:40.505084+00:00,2025-12-14 13:30:40.505087+00:00
793,5,Assets,ASSET,,2025-12-14 13:30:40.560119+00:00,2025-12-14 13:30:40.560122+00:00
794,5,Current Assets,ASSET,793.0,2025-12-14 13:30:40.561953+00:00,2025-12-14 13:30:40.561956+00:00
795,5,Cash-in-Hand,ASSET,794.0,2025-12-14 13:30:40.563721+00:00,2025-12-14 13:30:40.563726+00:00
796,5,Bank Accounts,ASSET,794.0,2025-12-14 13:30:40.566410+00:00,2025-12-14 13:30:40.566415+00:00
797,5,Sundry Debtors,ASSET,794.0,2025-12-14 13:30:40.568864+00:00,2025-12-14 13:30:40.568868+00:00
798,5,Loans & Advances (Assets),ASSET,794.0,2025-12-14 13:30:40.571188+00:00,2025-12-14 13:30:40.571192+00:00
799,5,Deposits (Assets),ASSET,794.0,2025-12-14 13:30:40.573006+00:00,2025-12-14 13:30:40.573009+00:00
800,5,Stock-in-Hand,ASSET,794.0,2025-12-14 13:30:40.574843+00:00,2025-12-14 13:30:40.574847+00:00
801,5,Prepaid Expenses,ASSET,794.0,2025-12-14 13:30:40.576947+00:00,2025-12-14 13:30:40.576952+00:00
802,5,Input Tax Credits,ASSET,794.0,2025-12-14 13:30:40.578949+00:00,2025-12-14 13:30:40.578953+00:00
803,5,TDS Receivable,ASSET,794.0,2025-12-14 13:30:40.581000+00:00,2025-12-14 13:30:40.581006+00:00
804,5,VAT Receivable,ASSET,794.0,2025-12-14 13:30:40.584116+00:00,2025-12-14 13:30:40.584122+00:00
805,5,Fixed Assets,ASSET,793.0,2025-12-14 13:30:40.586988+00:00,2025-12-14 13:30:40.586993+00:00
806,5,Furniture & Fixtures,ASSET,805.0,2025-12-14 13:30:40.589061+00:00,2025-12-14 13:30:40.589066+00:00
807,5,Plant & Machinery,ASSET,805.0,2025-12-14 13:30:40.590814+00:00,2025-12-14 13:30:40.590818+00:00
808,5,Computers,ASSET,805.0,2025-12-14 13:30:40.592706+00:00,2025-12-14 13:30:40.592711+00:00
809,5,Office Equipment,ASSET,805.0,2025-12-14 13:30:40.594853+00:00,2025-12-14 13:30:40.594857+00:00
810,5,Land & Building,ASSET,805.0,2025-12-14 13:30:40.596716+00:00,2025-12-14 13:30:40.596721+00:00
811,5,Vehicles,ASSET,805.0,2025-12-14 13:30:40.599640+00:00,2025-12-14 13:30:40.599645+00:00
812,5,Liabilities,LIABILITY,,2025-12-14 13:30:40.601985+00:00,2025-12-14 13:30:40.601989+00:00
813,5,Current Liabilities,LIABILITY,812.0,2025-12-14 13:30:40.604289+00:00,2025-12-14 13:30:40.604293+00:00
814,5,Sundry Creditors,LIABILITY,813.0,2025-12-14 13:30:40.606310+00:00,2025-12-14 13:30:40.606314+00:00
815,5,Duties & Taxes,LIABILITY,813.0,2025-12-14 13:30:40.608499+00:00,2025-12-14 13:30:40.608505+00:00
816,5,TDS Payable,LIABILITY,813.0,2025-12-14 13:30:40.610375+00:00,2025-12-14 13:30:40.610380+00:00
817,5,VAT Payable,LIABILITY,813.0,2025-12-14 13:30:40.612240+00:00,2025-12-14 13:30:40.612245+00:00
818,5,GST Payable,LIABILITY,813.0,2025-12-14 13:30:40.614949+00:00,2025-12-14 13:30:40.614955+00:00
819,5,Payroll Payables,LIABILITY,813.0,2025-12-14 13:30:40.617379+00:00,2025-12-14 13:30:40.617383+00:00
820,5,Expenses Payable,LIABILITY,813.0,2025-12-14 13:30:40.619868+00:00,2025-12-14 13:30:40.619873+00:00
821,5,Advances from Customers,LIABILITY,813.0,2025-12-14 13:30:40.621862+00:00,2025-12-14 13:30:40.621866+00:00
822,5,Long Term Liabilities,LIABILITY,812.0,2025-12-14 13:30:40.623783+00:00,2025-12-14 13:30:40.623789+00:00
823,5,Secured Loans,LIABILITY,822.0,2025-12-14 13:30:40.625886+00:00,2025-12-14 13:30:40.625889+00:00
824,5,Unsecured Loans,LIABILITY,822.0,2025-12-14 13:30:40.627793+00:00,2025-12-14 13:30:40.627797+00:00
825,5,Owner’s Equity,LIABILITY,812.0,2025-12-14 13:30:40.629642+00:00,2025-12-14 13:30:40.629651+00:00
826,5,Capital Account,LIABILITY,825.0,2025-12-14 13:30:40.632462+00:00,2025-12-14 13:30:40.632467+00:00
827,5,Drawings,LIABILITY,825.0,2025-12-14 13:30:40.635012+00:00,2025-12-14 13:30:40.635018+00:00
828,5,Retained Earnings / Reserves & Surplus,LIABILITY,825.0,2025-12-14 13:30:40.637363+00:00,2025-12-14 13:30:40.637367+00:00
829,5,Income,INCOME,,2025-12-14 13:30:40.639048+00:00,2025-12-14 13:30:40.639052+00:00
830,5,Sales Accounts,INCOME,829.0,2025-12-14 13:30:40.640827+00:00,2025-12-14 13:30:40.640832+00:00
831,5,Indirect Income,INCOME,829.0,2025-12-14 13:30:40.643212+00:00,2025-12-14 13:30:40.643217+00:00
832,5,Direct Income,INCOME,829.0,2025-12-14 13:30:40.645205+00:00,2025-12-14 13:30:40.645211+00:00
833,5,Discount Received,INCOME,829.0,2025-12-14 13:30:40.647283+00:00,2025-12-14 13:30:40.647286+00:00
834,5,Commission Received,INCOME,829.0,2025-12-14 13:30:40.650487+00:00,2025-12-14 13:30:40.650493+00:00
835,5,Expenses,EXPENSE,,2025-12-14 13:30:40.652668+00:00,2025-12-14 13:30:40.652672+00:00
836,5,Direct Expenses,EXPENSE,835.0,2025-12-14 13:30:40.655122+00:00,2025-12-14 13:30:40.655128+00:00
837,5,Purchase Accounts,EXPENSE,836.0,2025-12-14 13:30:40.657171+00:00,2025-12-14 13:30:40.657175+00:00
838,5,Freight / Carriage Inwards,EXPENSE,836.0,2025-12-14 13:30:40.659037+00:00,2025-12-14 13:30:40.659040+00:00
839,5,Import Duty,EXPENSE,836.0,2025-12-14 13:30:40.661118+00:00,2025-12-14 13:30:40.661122+00:00
840,5,Manufacturing Expenses,EXPENSE,836.0,2025-12-14 13:30:40.663109+00:00,2025-12-14 13:30:40.663114+00:00
841,5,Indirect Expenses,EXPENSE,835.0,2025-12-14 13:30:40.665543+00:00,2025-12-14 13:30:40.665547+00:00
842,5,Salary Expense,EXPENSE,841.0,2025-12-14 13:30:40.667704+00:00,2025-12-14 13:30:40.667710+00:00
843,5,Office Rent,EXPENSE,841.0,2025-12-14 13:30:40.670361+00:00,2025-12-14 13:30:40.670366+00:00
844,5,Utilities,EXPENSE,841.0,2025-12-14 13:30:40.672003+00:00,2025-12-14 13:30:40.672009+00:00
845,5,Repair & Maintenance,EXPENSE,841.0,2025-12-14 13:30:40.673935+00:00,2025-12-14 13:30:40.673939+00:00
846,5,Fuel Expenses,EXPENSE,841.0,2025-12-14 13:30:40.676057+00:00,2025-12-14 13:30:40.676062+00:00
847,5,Travel Expenses,EXPENSE,841.0,2025-12-14 13:30:40.678149+00:00,2025-12-14 13:30:40.678153+00:00
848,5,Advertising Expenses,EXPENSE,841.0,2025-12-14 13:30:40.680246+00:00,2025-12-14 13:30:40.680251+00:00
849,5,Telephone/Internet Expense,EXPENSE,841.0,2025-12-14 13:30:40.682947+00:00,2025-12-14 13:30:40.682953+00:00
850,5,Miscellaneous Expenses,EXPENSE,841.0,2025-12-14 13:30:40.685508+00:00,2025-12-14 13:30:40.685512+00:00
851,5,Discount Allowed,EXPENSE,841.0,2025-12-14 13:30:40.688936+00:00,2025-12-14 13:30:40.688939+00:00
852,5,Commission Paid,EXPENSE,841.0,2025-12-14 13:30:40.690973+00:00,2025-12-14 13:30:40.690978+00:00
853,16,Assets,ASSET,,2025-12-14 13:30:40.987916+00:00,2025-12-14 13:30:40.987920+00:00
854,16,Current Assets,ASSET,853.0,2025-12-14 13:30:40.989727+00:00,2025-12-14 13:30:40.989731+00:00
855,16,Cash-in-Hand,ASSET,854.0,2025-12-14 13:30:40.991574+00:00,2025-12-14 13:30:40.991579+00:00
856,16,Bank Accounts,ASSET,854.0,2025-12-14 13:30:40.993528+00:00,2025-12-14 13:30:40.993533+00:00
857,16,Sundry Debtors,ASSET,854.0,2025-12-14 13:30:40.995651+00:00,2025-12-14 13:30:40.995661+00:00
858,16,Loans & Advances (Assets),ASSET,854.0,2025-12-14 13:30:40.997792+00:00,2025-12-14 13:30:40.997917+00:00
859,16,Deposits (Assets),ASSET,854.0,2025-12-14 13:30:41.000564+00:00,2025-12-14 13:30:41.000570+00:00
860,16,Stock-in-Hand,ASSET,854.0,2025-12-14 13:30:41.003050+00:00,2025-12-14 13:30:41.003056+00:00
861,16,Prepaid Expenses,ASSET,854.0,2025-12-14 13:30:41.005578+00:00,2025-12-14 13:30:41.005584+00:00
862,16,Input Tax Credits,ASSET,854.0,2025-12-14 13:30:41.007829+00:00,2025-12-14 13:30:41.007833+00:00
863,16,TDS Receivable,ASSET,854.0,2025-12-14 13:30:41.009825+00:00,2025-12-14 13:30:41.009830+00:00
864,16,VAT Receivable,ASSET,854.0,2025-12-14 13:30:41.011723+00:00,2025-12-14 13:30:41.011728+00:00
865,16,Fixed Assets,ASSET,853.0,2025-12-14 13:30:41.013645+00:00,2025-12-14 13:30:41.013650+00:00
866,16,Furniture & Fixtures,ASSET,865.0,2025-12-14 13:30:41.016561+00:00,2025-12-14 13:30:41.016565+00:00
867,16,Plant & Machinery,ASSET,865.0,2025-12-14 13:30:41.019115+00:00,2025-12-14 13:30:41.019121+00:00
868,16,Computers,ASSET,865.0,2025-12-14 13:30:41.021347+00:00,2025-12-14 13:30:41.021351+00:00
869,16,Office Equipment,ASSET,865.0,2025-12-14 13:30:41.023149+00:00,2025-12-14 13:30:41.023154+00:00
870,16,Land & Building,ASSET,865.0,2025-12-14 13:30:41.025361+00:00,2025-12-14 13:30:41.025367+00:00
871,16,Vehicles,ASSET,865.0,2025-12-14 13:30:41.027312+00:00,2025-12-14 13:30:41.027317+00:00
872,16,Liabilities,LIABILITY,,2025-12-14 13:30:41.029154+00:00,2025-12-14 13:30:41.029157+00:00
873,16,Current Liabilities,LIABILITY,872.0,2025-12-14 13:30:41.031782+00:00,2025-12-14 13:30:41.031788+00:00
874,16,Sundry Creditors,LIABILITY,873.0,2025-12-14 13:30:41.034177+00:00,2025-12-14 13:30:41.034182+00:00
875,16,Duties & Taxes,LIABILITY,873.0,2025-12-14 13:30:41.038071+00:00,2025-12-14 13:30:41.038077+00:00
876,16,TDS Payable,LIABILITY,873.0,2025-12-14 13:30:41.040227+00:00,2025-12-14 13:30:41.040232+00:00
877,16,VAT Payable,LIABILITY,873.0,2025-12-14 13:30:41.042063+00:00,2025-12-14 13:30:41.042067+00:00
878,16,GST Payable,LIABILITY,873.0,2025-12-14 13:30:41.044006+00:00,2025-12-14 13:30:41.044011+00:00
879,16,Payroll Payables,LIABILITY,873.0,2025-12-14 13:30:41.046252+00:00,2025-12-14 13:30:41.046256+00:00
880,16,Expenses Payable,LIABILITY,873.0,2025-12-14 13:30:41.048831+00:00,2025-12-14 13:30:41.048837+00:00
881,16,Advances from Customers,LIABILITY,873.0,2025-12-14 13:30:41.051335+00:00,2025-12-14 13:30:41.051341+00:00
882,16,Long Term Liabilities,LIABILITY,872.0,2025-12-14 13:30:41.053797+00:00,2025-12-14 13:30:41.053804+00:00
883,16,Secured Loans,LIABILITY,882.0,2025-12-14 13:30:41.056062+00:00,2025-12-14 13:30:41.056067+00:00
884,16,Unsecured Loans,LIABILITY,882.0,2025-12-14 13:30:41.058000+00:00,2025-12-14 13:30:41.058004+00:00
885,16,Owner’s Equity,LIABILITY,872.0,2025-12-14 13:30:41.060026+00:00,2025-12-14 13:30:41.060031+00:00
886,16,Capital Account,LIABILITY,885.0,2025-12-14 13:30:41.062022+00:00,2025-12-14 13:30:41.062027+00:00
887,16,Drawings,LIABILITY,885.0,2025-12-14 13:30:41.064369+00:00,2025-12-14 13:30:41.064379+00:00
888,16,Retained Earnings / Reserves & Surplus,LIABILITY,885.0,2025-12-14 13:30:41.066942+00:00,2025-12-14 13:30:41.066946+00:00
889,16,Income,INCOME,,2025-12-14 13:30:41.069295+00:00,2025-12-14 13:30:41.069298+00:00
890,16,Sales Accounts,INCOME,889.0,2025-12-14 13:30:41.071373+00:00,2025-12-14 13:30:41.071376+00:00
891,16,Indirect Income,INCOME,889.0,2025-12-14 13:30:41.073395+00:00,2025-12-14 13:30:41.073399+00:00
892,16,Direct Income,INCOME,889.0,2025-12-14 13:30:41.075575+00:00,2025-12-14 13:30:41.075581+00:00
893,16,Discount Received,INCOME,889.0,2025-12-14 13:30:41.077674+00:00,2025-12-14 13:30:41.077679+00:00
894,16,Commission Received,INCOME,889.0,2025-12-14 13:30:41.079748+00:00,2025-12-14 13:30:41.079753+00:00
895,16,Expenses,EXPENSE,,2025-12-14 13:30:41.082396+00:00,2025-12-14 13:30:41.082402+00:00
896,16,Direct Expenses,EXPENSE,895.0,2025-12-14 13:30:41.085036+00:00,2025-12-14 13:30:41.085041+00:00
897,16,Purchase Accounts,EXPENSE,896.0,2025-12-14 13:30:41.087613+00:00,2025-12-14 13:30:41.087619+00:00
898,16,Freight / Carriage Inwards,EXPENSE,896.0,2025-12-14 13:30:41.089710+00:00,2025-12-14 13:30:41.089714+00:00
899,16,Import Duty,EXPENSE,896.0,2025-12-14 13:30:41.091571+00:00,2025-12-14 13:30:41.091574+00:00
900,16,Manufacturing Expenses,EXPENSE,896.0,2025-12-14 13:30:41.093683+00:00,2025-12-14 13:30:41.093688+00:00
901,16,Indirect Expenses,EXPENSE,895.0,2025-12-14 13:30:41.095883+00:00,2025-12-14 13:30:41.095890+00:00
902,16,Salary Expense,EXPENSE,901.0,2025-12-14 13:30:41.098779+00:00,2025-12-14 13:30:41.098784+00:00
903,16,Office Rent,EXPENSE,901.0,2025-12-14 13:30:41.101188+00:00,2025-12-14 13:30:41.101193+00:00
904,16,Utilities,EXPENSE,901.0,2025-12-14 13:30:41.103470+00:00,2025-12-14 13:30:41.103474+00:00
905,16,Repair & Maintenance,EXPENSE,901.0,2025-12-14 13:30:41.105479+00:00,2025-12-14 13:30:41.105483+00:00
906,16,Fuel Expenses,EXPENSE,901.0,2025-12-14 13:30:41.107561+00:00,2025-12-14 13:30:41.107566+00:00
907,16,Travel Expenses,EXPENSE,901.0,2025-12-14 13:30:41.109484+00:00,2025-12-14 13:30:41.109489+00:00
908,16,Advertising Expenses,EXPENSE,901.0,2025-12-14 13:30:41.111362+00:00,2025-12-14 13:30:41.111367+00:00
909,16,Telephone/Internet Expense,EXPENSE,901.0,2025-12-14 13:30:41.113264+00:00,2025-12-14 13:30:41.113272+00:00
910,16,Miscellaneous Expenses,EXPENSE,901.0,2025-12-14 13:30:41.116254+00:00,2025-12-14 13:30:41.116260+00:00
911,16,Discount Allowed,EXPENSE,901.0,2025-12-14 13:30:41.118342+00:00,2025-12-14 13:30:41.118347+00:00
912,16,Commission Paid,EXPENSE,901.0,2025-12-14 13:30:41.120644+00:00,2025-12-14 13:30:41.120647+00:00
913,17,Assets,ASSET,,2025-12-14 13:30:41.174751+00:00,2025-12-14 13:30:41.174756+00:00
914,17,Current Assets,ASSET,913.0,2025-12-14 13:30:41.176791+00:00,2025-12-14 13:30:41.176801+00:00
915,17,Cash-in-Hand,ASSET,914.0,2025-12-14 13:30:41.178818+00:00,2025-12-14 13:30:41.178823+00:00
916,17,Bank Accounts,ASSET,914.0,2025-12-14 13:30:41.181285+00:00,2025-12-14 13:30:41.181290+00:00
917,17,Sundry Debtors,ASSET,914.0,2025-12-14 13:30:41.183786+00:00,2025-12-14 13:30:41.183791+00:00
918,17,Loans & Advances (Assets),ASSET,914.0,2025-12-14 13:30:41.186757+00:00,2025-12-14 13:30:41.186762+00:00
919,17,Deposits (Assets),ASSET,914.0,2025-12-14 13:30:41.188858+00:00,2025-12-14 13:30:41.188863+00:00
920,17,Stock-in-Hand,ASSET,914.0,2025-12-14 13:30:41.190707+00:00,2025-12-14 13:30:41.190710+00:00
921,17,Prepaid Expenses,ASSET,914.0,2025-12-14 13:30:41.192682+00:00,2025-12-14 13:30:41.192686+00:00
922,17,Input Tax Credits,ASSET,914.0,2025-12-14 13:30:41.194693+00:00,2025-12-14 13:30:41.194698+00:00
923,17,TDS Receivable,ASSET,914.0,2025-12-14 13:30:41.196739+00:00,2025-12-14 13:30:41.196754+00:00
924,17,VAT Receivable,ASSET,914.0,2025-12-14 13:30:41.199586+00:00,2025-12-14 13:30:41.199591+00:00
925,17,Fixed Assets,ASSET,913.0,2025-12-14 13:30:41.202213+00:00,2025-12-14 13:30:41.202219+00:00
926,17,Furniture & Fixtures,ASSET,925.0,2025-12-14 13:30:41.204425+00:00,2025-12-14 13:30:41.204430+00:00
927,17,Plant & Machinery,ASSET,925.0,2025-12-14 13:30:41.206687+00:00,2025-12-14 13:30:41.206691+00:00
928,17,Computers,ASSET,925.0,2025-12-14 13:30:41.208577+00:00,2025-12-14 13:30:41.208580+00:00
929,17,Office Equipment,ASSET,925.0,2025-12-14 13:30:41.210532+00:00,2025-12-14 13:30:41.210537+00:00
930,17,Land & Building,ASSET,925.0,2025-12-14 13:30:41.212372+00:00,2025-12-14 13:30:41.212376+00:00
931,17,Vehicles,ASSET,925.0,2025-12-14 13:30:41.215081+00:00,2025-12-14 13:30:41.215087+00:00
932,17,Liabilities,LIABILITY,,2025-12-14 13:30:41.217374+00:00,2025-12-14 13:30:41.217378+00:00
933,17,Current Liabilities,LIABILITY,932.0,2025-12-14 13:30:41.219631+00:00,2025-12-14 13:30:41.219636+00:00
934,17,Sundry Creditors,LIABILITY,933.0,2025-12-14 13:30:41.221378+00:00,2025-12-14 13:30:41.221383+00:00
935,17,Duties & Taxes,LIABILITY,933.0,2025-12-14 13:30:41.223243+00:00,2025-12-14 13:30:41.223247+00:00
936,17,TDS Payable,LIABILITY,933.0,2025-12-14 13:30:41.225184+00:00,2025-12-14 13:30:41.225187+00:00
937,17,VAT Payable,LIABILITY,933.0,2025-12-14 13:30:41.227298+00:00,2025-12-14 13:30:41.227304+00:00
938,17,GST Payable,LIABILITY,933.0,2025-12-14 13:30:41.229158+00:00,2025-12-14 13:30:41.229162+00:00
939,17,Payroll Payables,LIABILITY,933.0,2025-12-14 13:30:41.231724+00:00,2025-12-14 13:30:41.231729+00:00
940,17,Expenses Payable,LIABILITY,933.0,2025-12-14 13:30:41.233826+00:00,2025-12-14 13:30:41.233831+00:00
941,17,Advances from Customers,LIABILITY,933.0,2025-12-14 13:30:41.236473+00:00,2025-12-14 13:30:41.236477+00:00
942,17,Long Term Liabilities,LIABILITY,932.0,2025-12-14 13:30:41.238482+00:00,2025-12-14 13:30:41.238485+00:00
943,17,Secured Loans,LIABILITY,942.0,2025-12-14 13:30:41.240283+00:00,2025-12-14 13:30:41.240288+00:00
944,17,Unsecured Loans,LIABILITY,942.0,2025-12-14 13:30:41.241940+00:00,2025-12-14 13:30:41.241943+00:00
945,17,Owner’s Equity,LIABILITY,932.0,2025-12-14 13:30:41.244066+00:00,2025-12-14 13:30:41.244070+00:00
946,17,Capital Account,LIABILITY,945.0,2025-12-14 13:30:41.246641+00:00,2025-12-14 13:30:41.246646+00:00
947,17,Drawings,LIABILITY,945.0,2025-12-14 13:30:41.249095+00:00,2025-12-14 13:30:41.249098+00:00
948,17,Retained Earnings / Reserves & Surplus,LIABILITY,945.0,2025-12-14 13:30:41.250783+00:00,2025-12-14 13:30:41.250786+00:00
949,17,Income,INCOME,,2025-12-14 13:30:41.252971+00:00,2025-12-14 13:30:41.252976+00:00
950,17,Sales Accounts,INCOME,949.0,2025-12-14 13:30:41.255258+00:00,2025-12-14 13:30:41.255264+00:00
951,17,Indirect Income,INCOME,949.0,2025-12-14 13:30:41.257511+00:00,2025-12-14 13:30:41.257516+00:00
952,17,Direct Income,INCOME,949.0,2025-12-14 13:30:41.259489+00:00,2025-12-14 13:30:41.259494+00:00
953,17,Discount Received,INCOME,949.0,2025-12-14 13:30:41.261493+00:00,2025-12-14 13:30:41.261496+00:00
954,17,Commission Received,INCOME,949.0,2025-12-14 13:30:41.263604+00:00,2025-12-14 13:30:41.263608+00:00
955,17,Expenses,EXPENSE,,2025-12-14 13:30:41.266279+00:00,2025-12-14 13:30:41.266282+00:00
956,17,Direct Expenses,EXPENSE,955.0,2025-12-14 13:30:41.268476+00:00,2025-12-14 13:30:41.268480+00:00
957,17,Purchase Accounts,EXPENSE,956.0,2025-12-14 13:30:41.270559+00:00,2025-12-14 13:30:41.270562+00:00
958,17,Freight / Carriage Inwards,EXPENSE,956.0,2025-12-14 13:30:41.272433+00:00,2025-12-14 13:30:41.272436+00:00
959,17,Import Duty,EXPENSE,956.0,2025-12-14 13:30:41.274534+00:00,2025-12-14 13:30:41.274539+00:00
960,17,Manufacturing Expenses,EXPENSE,956.0,2025-12-14 13:30:41.276381+00:00,2025-12-14 13:30:41.276385+00:00
961,17,Indirect Expenses,EXPENSE,955.0,2025-12-14 13:30:41.278194+00:00,2025-12-14 13:30:41.278199+00:00
962,17,Salary Expense,EXPENSE,961.0,2025-12-14 13:30:41.280287+00:00,2025-12-14 13:30:41.280292+00:00
963,17,Office Rent,EXPENSE,961.0,2025-12-14 13:30:41.282859+00:00,2025-12-14 13:30:41.282863+00:00
964,17,Utilities,EXPENSE,961.0,2025-12-14 13:30:41.285876+00:00,2025-12-14 13:30:41.285882+00:00
965,17,Repair & Maintenance,EXPENSE,961.0,2025-12-14 13:30:41.288565+00:00,2025-12-14 13:30:41.288569+00:00
966,17,Fuel Expenses,EXPENSE,961.0,2025-12-14 13:30:41.290456+00:00,2025-12-14 13:30:41.290461+00:00
967,17,Travel Expenses,EXPENSE,961.0,2025-12-14 13:30:41.292506+00:00,2025-12-14 13:30:41.292511+00:00
968,17,Advertising Expenses,EXPENSE,961.0,2025-12-14 13:30:41.294493+00:00,2025-12-14 13:30:41.294496+00:00
969,17,Telephone/Internet Expense,EXPENSE,961.0,2025-12-14 13:30:41.296166+00:00,2025-12-14 13:30:41.296169+00:00
970,17,Miscellaneous Expenses,EXPENSE,961.0,2025-12-14 13:30:41.298861+00:00,2025-12-14 13:30:41.298867+00:00
971,17,Discount Allowed,EXPENSE,961.0,2025-12-14 13:30:41.301332+00:00,2025-12-14 13:30:41.301338+00:00
972,17,Commission Paid,EXPENSE,961.0,2025-12-14 13:30:41.303476+00:00,2025-12-14 13:30:41.303480+00:00
973,18,Assets,ASSET,,2025-12-14 13:30:41.362643+00:00,2025-12-14 13:30:41.362647+00:00
974,18,Current Assets,ASSET,973.0,2025-12-14 13:30:41.365425+00:00,2025-12-14 13:30:41.365431+00:00
975,18,Cash-in-Hand,ASSET,974.0,2025-12-14 13:30:41.367910+00:00,2025-12-14 13:30:41.367915+00:00
976,18,Bank Accounts,ASSET,974.0,2025-12-14 13:30:41.370570+00:00,2025-12-14 13:30:41.370581+00:00
977,18,Sundry Debtors,ASSET,974.0,2025-12-14 13:30:41.372792+00:00,2025-12-14 13:30:41.372797+00:00
978,18,Loans & Advances (Assets),ASSET,974.0,2025-12-14 13:30:41.374910+00:00,2025-12-14 13:30:41.374914+00:00
979,18,Deposits (Assets),ASSET,974.0,2025-12-14 13:30:41.377035+00:00,2025-12-14 13:30:41.377041+00:00
980,18,Stock-in-Hand,ASSET,974.0,2025-12-14 13:30:41.378839+00:00,2025-12-14 13:30:41.378842+00:00
981,18,Prepaid Expenses,ASSET,974.0,2025-12-14 13:30:41.380934+00:00,2025-12-14 13:30:41.380938+00:00
982,18,Input Tax Credits,ASSET,974.0,2025-12-14 13:30:41.383210+00:00,2025-12-14 13:30:41.383215+00:00
983,18,TDS Receivable,ASSET,974.0,2025-12-14 13:30:41.386005+00:00,2025-12-14 13:30:41.386008+00:00
984,18,VAT Receivable,ASSET,974.0,2025-12-14 13:30:41.388156+00:00,2025-12-14 13:30:41.388159+00:00
985,18,Fixed Assets,ASSET,973.0,2025-12-14 13:30:41.389900+00:00,2025-12-14 13:30:41.389904+00:00
986,18,Furniture & Fixtures,ASSET,985.0,2025-12-14 13:30:41.391619+00:00,2025-12-14 13:30:41.391622+00:00
987,18,Plant & Machinery,ASSET,985.0,2025-12-14 13:30:41.393557+00:00,2025-12-14 13:30:41.393561+00:00
988,18,Computers,ASSET,985.0,2025-12-14 13:30:41.395659+00:00,2025-12-14 13:30:41.395663+00:00
989,18,Office Equipment,ASSET,985.0,2025-12-14 13:30:41.398204+00:00,2025-12-14 13:30:41.398222+00:00
990,18,Land & Building,ASSET,985.0,2025-12-14 13:30:41.400519+00:00,2025-12-14 13:30:41.400522+00:00
991,18,Vehicles,ASSET,985.0,2025-12-14 13:30:41.403210+00:00,2025-12-14 13:30:41.403215+00:00
992,18,Liabilities,LIABILITY,,2025-12-14 13:30:41.405293+00:00,2025-12-14 13:30:41.405299+00:00
993,18,Current Liabilities,LIABILITY,992.0,2025-12-14 13:30:41.407449+00:00,2025-12-14 13:30:41.407455+00:00
994,18,Sundry Creditors,LIABILITY,993.0,2025-12-14 13:30:41.409490+00:00,2025-12-14 13:30:41.409494+00:00
995,18,Duties & Taxes,LIABILITY,993.0,2025-12-14 13:30:41.411401+00:00,2025-12-14 13:30:41.411406+00:00
996,18,TDS Payable,LIABILITY,993.0,2025-12-14 13:30:41.413594+00:00,2025-12-14 13:30:41.413601+00:00
997,18,VAT Payable,LIABILITY,993.0,2025-12-14 13:30:41.416138+00:00,2025-12-14 13:30:41.416141+00:00
998,18,GST Payable,LIABILITY,993.0,2025-12-14 13:30:41.418633+00:00,2025-12-14 13:30:41.418638+00:00
999,18,Payroll Payables,LIABILITY,993.0,2025-12-14 13:30:41.420760+00:00,2025-12-14 13:30:41.420763+00:00
1000,18,Expenses Payable,LIABILITY,993.0,2025-12-14 13:30:41.422741+00:00,2025-12-14 13:30:41.422745+00:00
1001,18,Advances from Customers,LIABILITY,993.0,2025-12-14 13:30:41.424822+00:00,2025-12-14 13:30:41.424827+00:00
1002,18,Long Term Liabilities,LIABILITY,992.0,2025-12-14 13:30:41.426715+00:00,2025-12-14 13:30:41.426720+00:00
1003,18,Secured Loans,LIABILITY,1002.0,2025-12-14 13:30:41.428637+00:00,2025-12-14 13:30:41.428641+00:00
1004,18,Unsecured Loans,LIABILITY,1002.0,2025-12-14 13:30:41.430993+00:00,2025-12-14 13:30:41.430998+00:00
1005,18,Owner’s Equity,LIABILITY,992.0,2025-12-14 13:30:41.433418+00:00,2025-12-14 13:30:41.433431+00:00
1006,18,Capital Account,LIABILITY,1005.0,2025-12-14 13:30:41.436199+00:00,2025-12-14 13:30:41.436204+00:00
1007,18,Drawings,LIABILITY,1005.0,2025-12-14 13:30:41.438359+00:00,2025-12-14 13:30:41.438363+00:00
1008,18,Retained Earnings / Reserves & Surplus,LIABILITY,1005.0,2025-12-14 13:30:41.440168+00:00,2025-12-14 13:30:41.440172+00:00
1009,18,Income,INCOME,,2025-12-14 13:30:41.442026+00:00,2025-12-14 13:30:41.442029+00:00
1010,18,Sales Accounts,INCOME,1009.0,2025-12-14 13:30:41.444179+00:00,2025-12-14 13:30:41.444183+00:00
1011,18,Indirect Income,INCOME,1009.0,2025-12-14 13:30:41.447799+00:00,2025-12-14 13:30:41.447805+00:00
1012,18,Direct Income,INCOME,1009.0,2025-12-14 13:30:41.450449+00:00,2025-12-14 13:30:41.450455+00:00
1013,18,Discount Received,INCOME,1009.0,2025-12-14 13:30:41.452764+00:00,2025-12-14 13:30:41.452770+00:00
1014,18,Commission Received,INCOME,1009.0,2025-12-14 13:30:41.454841+00:00,2025-12-14 13:30:41.454846+00:00
1015,18,Expenses,EXPENSE,,2025-12-14 13:30:41.456777+00:00,2025-12-14 13:30:41.456782+00:00
1016,18,Direct Expenses,EXPENSE,1015.0,2025-12-14 13:30:41.458706+00:00,2025-12-14 13:30:41.458710+00:00
1017,18,Purchase Accounts,EXPENSE,1016.0,2025-12-14 13:30:41.460832+00:00,2025-12-14 13:30:41.460836+00:00
1018,18,Freight / Carriage Inwards,EXPENSE,1016.0,2025-12-14 13:30:41.462965+00:00,2025-12-14 13:30:41.462971+00:00
1019,18,Import Duty,EXPENSE,1016.0,2025-12-14 13:30:41.465934+00:00,2025-12-14 13:30:41.465939+00:00
1020,18,Manufacturing Expenses,EXPENSE,1016.0,2025-12-14 13:30:41.468518+00:00,2025-12-14 13:30:41.468525+00:00
1021,18,Indirect Expenses,EXPENSE,1015.0,2025-12-14 13:30:41.470877+00:00,2025-12-14 13:30:41.470882+00:00
1022,18,Salary Expense,EXPENSE,1021.0,2025-12-14 13:30:41.472930+00:00,2025-12-14 13:30:41.472935+00:00
1023,18,Office Rent,EXPENSE,1021.0,2025-12-14 13:30:41.475204+00:00,2025-12-14 13:30:41.475208+00:00
1024,18,Utilities,EXPENSE,1021.0,2025-12-14 13:30:41.477391+00:00,2025-12-14 13:30:41.477396+00:00
1025,18,Repair & Maintenance,EXPENSE,1021.0,2025-12-14 13:30:41.479305+00:00,2025-12-14 13:30:41.479309+00:00
1026,18,Fuel Expenses,EXPENSE,1021.0,2025-12-14 13:30:41.481661+00:00,2025-12-14 13:30:41.481665+00:00
1027,18,Travel Expenses,EXPENSE,1021.0,2025-12-14 13:30:41.483481+00:00,2025-12-14 13:30:41.483484+00:00
1028,18,Advertising Expenses,EXPENSE,1021.0,2025-12-14 13:30:41.485777+00:00,2025-12-14 13:30:41.485783+00:00
1029,18,Telephone/Internet Expense,EXPENSE,1021.0,2025-12-14 13:30:41.488127+00:00,2025-12-14 13:30:41.488132+00:00
1030,18,Miscellaneous Expenses,EXPENSE,1021.0,2025-12-14 13:30:41.489953+00:00,2025-12-14 13:30:41.489956+00:00
1031,18,Discount Allowed,EXPENSE,1021.0,2025-12-14 13:30:41.491681+00:00,2025-12-14 13:30:41.491685+00:00
1032,18,Commission Paid,EXPENSE,1021.0,2025-12-14 13:30:41.493399+00:00,2025-12-14 13:30:41.493403+00:00
23,14,Business Owner,LIABILITY,,2025-11-22 06:55:38.039483+00:00,2025-11-22 06:55:38.039486+00:00
24,14,Sundry Debter,ASSET,,2025-11-22 11:50:52.484434+00:00,2025-11-22 11:50:52.484439+00:00
271,14,Assets,ASSET,,2025-11-25 09:13:01.949226+00:00,2025-11-25 09:13:01.949230+00:00
272,14,Current Assets,ASSET,271.0,2025-11-25 09:13:01.966196+00:00,2025-11-25 09:13:01.966200+00:00
273,14,Cash-in-Hand,ASSET,272.0,2025-11-25 09:13:01.968033+00:00,2025-11-25 09:13:01.968037+00:00
274,14,Bank Accounts,ASSET,272.0,2025-11-25 09:13:01.969645+00:00,2025-11-25 09:13:01.969648+00:00
275,14,Sundry Debtors,ASSET,272.0,2025-11-25 09:13:01.971260+00:00,2025-11-25 09:13:01.971263+00:00
276,14,Loans & Advances (Assets),ASSET,272.0,2025-11-25 09:13:01.973219+00:00,2025-11-25 09:13:01.973223+00:00
277,14,Deposits (Assets),ASSET,272.0,2025-11-25 09:13:01.975187+00:00,2025-11-25 09:13:01.975191+00:00
278,14,Stock-in-Hand,ASSET,272.0,2025-11-25 09:13:01.977552+00:00,2025-11-25 09:13:01.977555+00:00
279,14,Prepaid Expenses,ASSET,272.0,2025-11-25 09:13:01.979928+00:00,2025-11-25 09:13:01.979933+00:00
280,14,Input Tax Credits,ASSET,272.0,2025-11-25 09:13:01.982418+00:00,2025-11-25 09:13:01.982422+00:00
281,14,TDS Receivable,ASSET,272.0,2025-11-25 09:13:01.984652+00:00,2025-11-25 09:13:01.984657+00:00
282,14,VAT Receivable,ASSET,272.0,2025-11-25 09:13:01.986934+00:00,2025-11-25 09:13:01.986939+00:00
283,14,Fixed Assets,ASSET,271.0,2025-11-25 09:13:01.991540+00:00,2025-11-25 09:13:01.991545+00:00
284,14,Furniture & Fixtures,ASSET,283.0,2025-11-25 09:13:01.993920+00:00,2025-11-25 09:13:01.993924+00:00
285,14,Plant & Machinery,ASSET,283.0,2025-11-25 09:13:01.996772+00:00,2025-11-25 09:13:01.996777+00:00
286,14,Computers,ASSET,283.0,2025-11-25 09:13:01.999030+00:00,2025-11-25 09:13:01.999033+00:00
287,14,Office Equipment,ASSET,283.0,2025-11-25 09:13:02.000839+00:00,2025-11-25 09:13:02.000843+00:00
288,14,Land & Building,ASSET,283.0,2025-11-25 09:13:02.002767+00:00,2025-11-25 09:13:02.002777+00:00
289,14,Vehicles,ASSET,283.0,2025-11-25 09:13:02.004755+00:00,2025-11-25 09:13:02.004758+00:00
290,14,Liabilities,LIABILITY,,2025-11-25 09:13:02.006641+00:00,2025-11-25 09:13:02.006646+00:00
291,14,Current Liabilities,LIABILITY,290.0,2025-11-25 09:13:02.008606+00:00,2025-11-25 09:13:02.008611+00:00
292,14,Sundry Creditors,LIABILITY,291.0,2025-11-25 09:13:02.010581+00:00,2025-11-25 09:13:02.010585+00:00
293,14,Duties & Taxes,LIABILITY,291.0,2025-11-25 09:13:02.013344+00:00,2025-11-25 09:13:02.013349+00:00
294,14,TDS Payable,LIABILITY,291.0,2025-11-25 09:13:02.015567+00:00,2025-11-25 09:13:02.015572+00:00
295,14,VAT Payable,LIABILITY,291.0,2025-11-25 09:13:02.017198+00:00,2025-11-25 09:13:02.017202+00:00
296,14,GST Payable,LIABILITY,291.0,2025-11-25 09:13:02.018777+00:00,2025-11-25 09:13:02.018781+00:00
297,14,Payroll Payables,LIABILITY,291.0,2025-11-25 09:13:02.020266+00:00,2025-11-25 09:13:02.020270+00:00
298,14,Expenses Payable,LIABILITY,291.0,2025-11-25 09:13:02.021757+00:00,2025-11-25 09:13:02.021760+00:00
299,14,Advances from Customers,LIABILITY,291.0,2025-11-25 09:13:02.023229+00:00,2025-11-25 09:13:02.023232+00:00
300,14,Long Term Liabilities,LIABILITY,290.0,2025-11-25 09:13:02.024711+00:00,2025-11-25 09:13:02.024714+00:00
301,14,Secured Loans,LIABILITY,300.0,2025-11-25 09:13:02.026123+00:00,2025-11-25 09:13:02.026128+00:00
302,14,Unsecured Loans,LIABILITY,300.0,2025-11-25 09:13:02.027691+00:00,2025-11-25 09:13:02.027694+00:00
303,14,Owner’s Equity,LIABILITY,290.0,2025-11-25 09:13:02.029280+00:00,2025-11-25 09:13:02.029283+00:00
304,14,Capital Account,LIABILITY,303.0,2025-11-25 09:13:02.030887+00:00,2025-11-25 09:13:02.030891+00:00
305,14,Drawings,LIABILITY,303.0,2025-11-25 09:13:02.032590+00:00,2025-11-25 09:13:02.032594+00:00
306,14,Retained Earnings / Reserves & Surplus,LIABILITY,303.0,2025-11-25 09:13:02.034353+00:00,2025-11-25 09:13:02.034357+00:00
307,14,Income,INCOME,,2025-11-25 09:13:02.036609+00:00,2025-11-25 09:13:02.036614+00:00
308,14,Sales Accounts,INCOME,307.0,2025-11-25 09:13:02.038713+00:00,2025-11-25 09:13:02.038716+00:00
309,14,Indirect Income,INCOME,307.0,2025-11-25 09:13:02.040825+00:00,2025-11-25 09:13:02.040828+00:00
310,14,Direct Income,INCOME,307.0,2025-11-25 09:13:02.042960+00:00,2025-11-25 09:13:02.042964+00:00
311,14,Discount Received,INCOME,307.0,2025-11-25 09:13:02.044995+00:00,2025-11-25 09:13:02.045007+00:00
312,14,Commission Received,INCOME,307.0,2025-11-25 09:13:02.047197+00:00,2025-11-25 09:13:02.047201+00:00
313,14,Expenses,EXPENSE,,2025-11-25 09:13:02.049079+00:00,2025-11-25 09:13:02.049084+00:00
314,14,Direct Expenses,EXPENSE,313.0,2025-11-25 09:13:02.050950+00:00,2025-11-25 09:13:02.050953+00:00
315,14,Purchase Accounts,EXPENSE,314.0,2025-11-25 09:13:02.052843+00:00,2025-11-25 09:13:02.052846+00:00
316,14,Freight / Carriage Inwards,EXPENSE,314.0,2025-11-25 09:13:02.054612+00:00,2025-11-25 09:13:02.054617+00:00
317,14,Import Duty,EXPENSE,314.0,2025-11-25 09:13:02.056585+00:00,2025-11-25 09:13:02.056590+00:00
318,14,Manufacturing Expenses,EXPENSE,314.0,2025-11-25 09:13:02.058790+00:00,2025-11-25 09:13:02.058793+00:00
319,14,Indirect Expenses,EXPENSE,313.0,2025-11-25 09:13:02.060585+00:00,2025-11-25 09:13:02.060593+00:00
320,14,Salary Expense,EXPENSE,319.0,2025-11-25 09:13:02.062475+00:00,2025-11-25 09:13:02.062479+00:00
321,14,Office Rent,EXPENSE,319.0,2025-11-25 09:13:02.064741+00:00,2025-11-25 09:13:02.064745+00:00
322,14,Utilities,EXPENSE,319.0,2025-11-25 09:13:02.068668+00:00,2025-11-25 09:13:02.068674+00:00
323,14,Repair & Maintenance,EXPENSE,319.0,2025-11-25 09:13:02.070767+00:00,2025-11-25 09:13:02.070772+00:00
324,14,Fuel Expenses,EXPENSE,319.0,2025-11-25 09:13:02.073162+00:00,2025-11-25 09:13:02.073166+00:00
325,14,Travel Expenses,EXPENSE,319.0,2025-11-25 09:13:02.075209+00:00,2025-11-25 09:13:02.075213+00:00
326,14,Advertising Expenses,EXPENSE,319.0,2025-11-25 09:13:02.077090+00:00,2025-11-25 09:13:02.077095+00:00
327,14,Telephone/Internet Expense,EXPENSE,319.0,2025-11-25 09:13:02.078935+00:00,2025-11-25 09:13:02.078939+00:00
328,14,Miscellaneous Expenses,EXPENSE,319.0,2025-11-25 09:13:02.080928+00:00,2025-11-25 09:13:02.080934+00:00
329,14,Discount Allowed,EXPENSE,319.0,2025-11-25 09:13:02.082759+00:00,2025-11-25 09:13:02.082762+00:00
330,14,Commission Paid,EXPENSE,319.0,2025-11-25 09:13:02.084649+00:00,2025-11-25 09:13:02.084653+00:00
1035,27,Test Assets,ASSET,,2026-02-16 07:39:18.963306+00:00,2026-02-16 07:39:18.963310+00:00
1036,28,Test Assets,ASSET,,2026-02-16 07:51:28.566792+00:00,2026-02-16 07:51:28.566798+00:00
1044,14,Admin Expenses,EXPENSE,319.0,2026-02-21 02:00:02.654285+00:00,2026-02-21 02:00:02.654289+00:00
1045,14,Equity Share Capital,LIABILITY,304.0,2026-02-21 02:31:45.017273+00:00,2026-02-21 02:31:45.017277+00:00
1046,37,Assets,ASSET,,2026-02-23 11:57:34.073045+00:00,2026-02-23 11:57:34.073067+00:00
1047,37,Current Assets,ASSET,1046.0,2026-02-23 11:57:34.129326+00:00,2026-02-23 11:57:34.129358+00:00
1048,37,Cash-in-Hand,ASSET,1047.0,2026-02-23 11:57:34.136742+00:00,2026-02-23 11:57:34.136758+00:00
1049,37,Bank Accounts,ASSET,1047.0,2026-02-23 11:57:34.144082+00:00,2026-02-23 11:57:34.144092+00:00
1050,37,Sundry Debtors,ASSET,1047.0,2026-02-23 11:57:34.150742+00:00,2026-02-23 11:57:34.150757+00:00
1051,37,Loans & Advances (Assets),ASSET,1047.0,2026-02-23 11:57:34.157125+00:00,2026-02-23 11:57:34.157139+00:00
1052,37,Deposits (Assets),ASSET,1047.0,2026-02-23 11:57:34.162597+00:00,2026-02-23 11:57:34.162604+00:00
1053,37,Stock-in-Hand,ASSET,1047.0,2026-02-23 11:57:34.166200+00:00,2026-02-23 11:57:34.166207+00:00
1054,37,Prepaid Expenses,ASSET,1047.0,2026-02-23 11:57:34.169959+00:00,2026-02-23 11:57:34.169970+00:00
1055,37,Input Tax Credits,ASSET,1047.0,2026-02-23 11:57:34.175679+00:00,2026-02-23 11:57:34.175696+00:00
1056,37,TDS Receivable,ASSET,1047.0,2026-02-23 11:57:34.179710+00:00,2026-02-23 11:57:34.179719+00:00
1057,37,VAT Receivable,ASSET,1047.0,2026-02-23 11:57:34.183244+00:00,2026-02-23 11:57:34.183266+00:00
1058,37,Fixed Assets,ASSET,1046.0,2026-02-23 11:57:34.187443+00:00,2026-02-23 11:57:34.187468+00:00
1059,37,Furniture & Fixtures,ASSET,1058.0,2026-02-23 11:57:34.192700+00:00,2026-02-23 11:57:34.192712+00:00
1060,37,Plant & Machinery,ASSET,1058.0,2026-02-23 11:57:34.196750+00:00,2026-02-23 11:57:34.196761+00:00
1061,37,Computers,ASSET,1058.0,2026-02-23 11:57:34.200752+00:00,2026-02-23 11:57:34.200761+00:00
1062,37,Office Equipment,ASSET,1058.0,2026-02-23 11:57:34.204717+00:00,2026-02-23 11:57:34.204724+00:00
1063,37,Land & Building,ASSET,1058.0,2026-02-23 11:57:34.209381+00:00,2026-02-23 11:57:34.209391+00:00
1064,37,Vehicles,ASSET,1058.0,2026-02-23 11:57:34.213646+00:00,2026-02-23 11:57:34.213657+00:00
1065,37,Liabilities,LIABILITY,,2026-02-23 11:57:34.217078+00:00,2026-02-23 11:57:34.217084+00:00
1066,37,Current Liabilities,LIABILITY,1065.0,2026-02-23 11:57:34.220968+00:00,2026-02-23 11:57:34.220978+00:00
1067,37,Sundry Creditors,LIABILITY,1066.0,2026-02-23 11:57:34.224918+00:00,2026-02-23 11:57:34.224928+00:00
1068,37,Duties & Taxes,LIABILITY,1066.0,2026-02-23 11:57:34.229195+00:00,2026-02-23 11:57:34.229206+00:00
1069,37,TDS Payable,LIABILITY,1066.0,2026-02-23 11:57:34.232559+00:00,2026-02-23 11:57:34.232568+00:00
1070,37,VAT Payable,LIABILITY,1066.0,2026-02-23 11:57:34.237070+00:00,2026-02-23 11:57:34.237083+00:00
1071,37,GST Payable,LIABILITY,1066.0,2026-02-23 11:57:34.241947+00:00,2026-02-23 11:57:34.241957+00:00
1072,37,Payroll Payables,LIABILITY,1066.0,2026-02-23 11:57:34.247193+00:00,2026-02-23 11:57:34.247204+00:00
1073,37,Expenses Payable,LIABILITY,1066.0,2026-02-23 11:57:34.250643+00:00,2026-02-23 11:57:34.250649+00:00
1074,37,Advances from Customers,LIABILITY,1066.0,2026-02-23 11:57:34.253595+00:00,2026-02-23 11:57:34.253621+00:00
1075,37,Long Term Liabilities,LIABILITY,1065.0,2026-02-23 11:57:34.258631+00:00,2026-02-23 11:57:34.258649+00:00
1076,37,Secured Loans,LIABILITY,1075.0,2026-02-23 11:57:34.263198+00:00,2026-02-23 11:57:34.263207+00:00
1077,37,Unsecured Loans,LIABILITY,1075.0,2026-02-23 11:57:34.265953+00:00,2026-02-23 11:57:34.265961+00:00
1078,37,Owner’s Equity,LIABILITY,1065.0,2026-02-23 11:57:34.271655+00:00,2026-02-23 11:57:34.271667+00:00
1079,37,Capital Account,LIABILITY,1078.0,2026-02-23 11:57:34.275705+00:00,2026-02-23 11:57:34.275712+00:00
1080,37,Drawings,LIABILITY,1078.0,2026-02-23 11:57:34.280405+00:00,2026-02-23 11:57:34.280412+00:00
1081,37,Retained Earnings / Reserves & Surplus,LIABILITY,1078.0,2026-02-23 11:57:34.283140+00:00,2026-02-23 11:57:34.283149+00:00
1082,37,Income,INCOME,,2026-02-23 11:57:34.286940+00:00,2026-02-23 11:57:34.286951+00:00
1083,37,Sales Accounts,INCOME,1082.0,2026-02-23 11:57:34.292156+00:00,2026-02-23 11:57:34.292167+00:00
1084,37,Indirect Income,INCOME,1082.0,2026-02-23 11:57:34.296986+00:00,2026-02-23 11:57:34.296991+00:00
1085,37,Direct Income,INCOME,1082.0,2026-02-23 11:57:34.299867+00:00,2026-02-23 11:57:34.299873+00:00
1086,37,Discount Received,INCOME,1082.0,2026-02-23 11:57:34.302519+00:00,2026-02-23 11:57:34.302525+00:00
1087,37,Commission Received,INCOME,1082.0,2026-02-23 11:57:34.306529+00:00,2026-02-23 11:57:34.306536+00:00
1088,37,Expenses,EXPENSE,,2026-02-23 11:57:34.311577+00:00,2026-02-23 11:57:34.311587+00:00
1089,37,Direct Expenses,EXPENSE,1088.0,2026-02-23 11:57:34.315057+00:00,2026-02-23 11:57:34.315063+00:00
1090,37,Purchase Accounts,EXPENSE,1089.0,2026-02-23 11:57:34.317981+00:00,2026-02-23 11:57:34.317990+00:00
1091,37,Freight / Carriage Inwards,EXPENSE,1089.0,2026-02-23 11:57:34.322589+00:00,2026-02-23 11:57:34.322605+00:00
1092,37,Import Duty,EXPENSE,1089.0,2026-02-23 11:57:34.327758+00:00,2026-02-23 11:57:34.327769+00:00
1093,37,Manufacturing Expenses,EXPENSE,1089.0,2026-02-23 11:57:34.331168+00:00,2026-02-23 11:57:34.331181+00:00
1094,37,Indirect Expenses,EXPENSE,1088.0,2026-02-23 11:57:34.334272+00:00,2026-02-23 11:57:34.334281+00:00
1095,37,Salary Expense,EXPENSE,1094.0,2026-02-23 11:57:34.339282+00:00,2026-02-23 11:57:34.339292+00:00
1096,37,Office Rent,EXPENSE,1094.0,2026-02-23 11:57:34.344154+00:00,2026-02-23 11:57:34.344163+00:00
1097,37,Utilities,EXPENSE,1094.0,2026-02-23 11:57:34.347193+00:00,2026-02-23 11:57:34.347204+00:00
1098,37,Repair & Maintenance,EXPENSE,1094.0,2026-02-23 11:57:34.350374+00:00,2026-02-23 11:57:34.350384+00:00
1099,37,Fuel Expenses,EXPENSE,1094.0,2026-02-23 11:57:34.354910+00:00,2026-02-23 11:57:34.354917+00:00
1100,37,Travel Expenses,EXPENSE,1094.0,2026-02-23 11:57:34.358834+00:00,2026-02-23 11:57:34.358841+00:00
1101,37,Advertising Expenses,EXPENSE,1094.0,2026-02-23 11:57:34.362391+00:00,2026-02-23 11:57:34.362396+00:00
1102,37,Telephone/Internet Expense,EXPENSE,1094.0,2026-02-23 11:57:34.364544+00:00,2026-02-23 11:57:34.364550+00:00
1103,37,Miscellaneous Expenses,EXPENSE,1094.0,2026-02-23 11:57:34.367478+00:00,2026-02-23 11:57:34.367486+00:00
1104,37,Discount Allowed,EXPENSE,1094.0,2026-02-23 11:57:34.370946+00:00,2026-02-23 11:57:34.370954+00:00
1105,37,Commission Paid,EXPENSE,1094.0,2026-02-23 11:57:34.374217+00:00,2026-02-23 11:57:34.374224+00:00
1106,38,Assets,ASSET,,2026-02-23 11:58:50.651816+00:00,2026-02-23 11:58:50.651855+00:00
1107,38,Current Assets,ASSET,1106.0,2026-02-23 11:58:50.655789+00:00,2026-02-23 11:58:50.655798+00:00
1108,38,Cash-in-Hand,ASSET,1107.0,2026-02-23 11:58:50.658945+00:00,2026-02-23 11:58:50.658954+00:00
1109,38,Bank Accounts,ASSET,1107.0,2026-02-23 11:58:50.662530+00:00,2026-02-23 11:58:50.662537+00:00
1110,38,Sundry Debtors,ASSET,1107.0,2026-02-23 11:58:50.666777+00:00,2026-02-23 11:58:50.666789+00:00
1111,38,Loans & Advances (Assets),ASSET,1107.0,2026-02-23 11:58:50.672267+00:00,2026-02-23 11:58:50.672272+00:00
1112,38,Deposits (Assets),ASSET,1107.0,2026-02-23 11:58:50.675321+00:00,2026-02-23 11:58:50.675331+00:00
1113,38,Stock-in-Hand,ASSET,1107.0,2026-02-23 11:58:50.678594+00:00,2026-02-23 11:58:50.678604+00:00
1114,38,Prepaid Expenses,ASSET,1107.0,2026-02-23 11:58:50.682377+00:00,2026-02-23 11:58:50.682383+00:00
1115,38,Input Tax Credits,ASSET,1107.0,2026-02-23 11:58:50.686896+00:00,2026-02-23 11:58:50.686904+00:00
1116,38,TDS Receivable,ASSET,1107.0,2026-02-23 11:58:50.690321+00:00,2026-02-23 11:58:50.690330+00:00
1117,38,VAT Receivable,ASSET,1107.0,2026-02-23 11:58:50.693457+00:00,2026-02-23 11:58:50.693466+00:00
1118,38,Fixed Assets,ASSET,1106.0,2026-02-23 11:58:50.697131+00:00,2026-02-23 11:58:50.697140+00:00
1119,38,Furniture & Fixtures,ASSET,1118.0,2026-02-23 11:58:50.701921+00:00,2026-02-23 11:58:50.701930+00:00
1120,38,Plant & Machinery,ASSET,1118.0,2026-02-23 11:58:50.705687+00:00,2026-02-23 11:58:50.705697+00:00
1121,38,Computers,ASSET,1118.0,2026-02-23 11:58:50.708712+00:00,2026-02-23 11:58:50.708722+00:00
1122,38,Office Equipment,ASSET,1118.0,2026-02-23 11:58:50.711591+00:00,2026-02-23 11:58:50.711601+00:00
1123,38,Land & Building,ASSET,1118.0,2026-02-23 11:58:50.715908+00:00,2026-02-23 11:58:50.715917+00:00
1124,38,Vehicles,ASSET,1118.0,2026-02-23 11:58:50.721330+00:00,2026-02-23 11:58:50.721341+00:00
1125,38,Liabilities,LIABILITY,,2026-02-23 11:58:50.724638+00:00,2026-02-23 11:58:50.724646+00:00
1126,38,Current Liabilities,LIABILITY,1125.0,2026-02-23 11:58:50.730406+00:00,2026-02-23 11:58:50.730415+00:00
1127,38,Sundry Creditors,LIABILITY,1126.0,2026-02-23 11:58:50.734438+00:00,2026-02-23 11:58:50.734454+00:00
1128,38,Duties & Taxes,LIABILITY,1126.0,2026-02-23 11:58:50.739979+00:00,2026-02-23 11:58:50.739991+00:00
1129,38,TDS Payable,LIABILITY,1126.0,2026-02-23 11:58:50.747054+00:00,2026-02-23 11:58:50.747065+00:00
1130,38,VAT Payable,LIABILITY,1126.0,2026-02-23 11:58:50.752441+00:00,2026-02-23 11:58:50.752451+00:00
1131,38,GST Payable,LIABILITY,1126.0,2026-02-23 11:58:50.758056+00:00,2026-02-23 11:58:50.758073+00:00
1132,38,Payroll Payables,LIABILITY,1126.0,2026-02-23 11:58:50.763038+00:00,2026-02-23 11:58:50.763048+00:00
1133,38,Expenses Payable,LIABILITY,1126.0,2026-02-23 11:58:50.768760+00:00,2026-02-23 11:58:50.768772+00:00
1134,38,Advances from Customers,LIABILITY,1126.0,2026-02-23 11:58:50.774664+00:00,2026-02-23 11:58:50.774671+00:00
1135,38,Long Term Liabilities,LIABILITY,1125.0,2026-02-23 11:58:50.778563+00:00,2026-02-23 11:58:50.778576+00:00
1136,38,Secured Loans,LIABILITY,1135.0,2026-02-23 11:58:50.783625+00:00,2026-02-23 11:58:50.783645+00:00
1137,38,Unsecured Loans,LIABILITY,1135.0,2026-02-23 11:58:50.789275+00:00,2026-02-23 11:58:50.789358+00:00
1138,38,Owner’s Equity,LIABILITY,1125.0,2026-02-23 11:58:50.792362+00:00,2026-02-23 11:58:50.792372+00:00
1139,38,Capital Account,LIABILITY,1138.0,2026-02-23 11:58:50.795122+00:00,2026-02-23 11:58:50.795133+00:00
1140,38,Drawings,LIABILITY,1138.0,2026-02-23 11:58:50.799603+00:00,2026-02-23 11:58:50.799613+00:00
1141,38,Retained Earnings / Reserves & Surplus,LIABILITY,1138.0,2026-02-23 11:58:50.805411+00:00,2026-02-23 11:58:50.805418+00:00
1142,38,Income,INCOME,,2026-02-23 11:58:50.809122+00:00,2026-02-23 11:58:50.809130+00:00
1143,38,Sales Accounts,INCOME,1142.0,2026-02-23 11:58:50.812122+00:00,2026-02-23 11:58:50.812132+00:00
1144,38,Indirect Income,INCOME,1142.0,2026-02-23 11:58:50.817006+00:00,2026-02-23 11:58:50.817016+00:00
1145,38,Direct Income,INCOME,1142.0,2026-02-23 11:58:50.821799+00:00,2026-02-23 11:58:50.821805+00:00
1146,38,Discount Received,INCOME,1142.0,2026-02-23 11:58:50.824688+00:00,2026-02-23 11:58:50.824698+00:00
1147,38,Commission Received,INCOME,1142.0,2026-02-23 11:58:50.828012+00:00,2026-02-23 11:58:50.828021+00:00
1148,38,Expenses,EXPENSE,,2026-02-23 11:58:50.832046+00:00,2026-02-23 11:58:50.832052+00:00
1149,38,Direct Expenses,EXPENSE,1148.0,2026-02-23 11:58:50.837316+00:00,2026-02-23 11:58:50.837326+00:00
1150,38,Purchase Accounts,EXPENSE,1149.0,2026-02-23 11:58:50.841187+00:00,2026-02-23 11:58:50.841193+00:00
1151,38,Freight / Carriage Inwards,EXPENSE,1149.0,2026-02-23 11:58:50.844079+00:00,2026-02-23 11:58:50.844087+00:00
1152,38,Import Duty,EXPENSE,1149.0,2026-02-23 11:58:50.848253+00:00,2026-02-23 11:58:50.848262+00:00
1153,38,Manufacturing Expenses,EXPENSE,1149.0,2026-02-23 11:58:50.853268+00:00,2026-02-23 11:58:50.853275+00:00
1154,38,Indirect Expenses,EXPENSE,1148.0,2026-02-23 11:58:50.856199+00:00,2026-02-23 11:58:50.856204+00:00
1155,38,Salary Expense,EXPENSE,1154.0,2026-02-23 11:58:50.859390+00:00,2026-02-23 11:58:50.859399+00:00
1156,38,Office Rent,EXPENSE,1154.0,2026-02-23 11:58:50.864416+00:00,2026-02-23 11:58:50.864427+00:00
1157,38,Utilities,EXPENSE,1154.0,2026-02-23 11:58:50.871320+00:00,2026-02-23 11:58:50.871333+00:00
1158,38,Repair & Maintenance,EXPENSE,1154.0,2026-02-23 11:58:50.875385+00:00,2026-02-23 11:58:50.875394+00:00
1159,38,Fuel Expenses,EXPENSE,1154.0,2026-02-23 11:58:50.880645+00:00,2026-02-23 11:58:50.880658+00:00
1160,38,Travel Expenses,EXPENSE,1154.0,2026-02-23 11:58:50.885642+00:00,2026-02-23 11:58:50.885652+00:00
1161,38,Advertising Expenses,EXPENSE,1154.0,2026-02-23 11:58:50.889661+00:00,2026-02-23 11:58:50.889667+00:00
1162,38,Telephone/Internet Expense,EXPENSE,1154.0,2026-02-23 11:58:50.894341+00:00,2026-02-23 11:58:50.894355+00:00
1163,38,Miscellaneous Expenses,EXPENSE,1154.0,2026-02-23 11:58:50.901182+00:00,2026-02-23 11:58:50.901196+00:00
1164,38,Discount Allowed,EXPENSE,1154.0,2026-02-23 11:58:50.906860+00:00,2026-02-23 11:58:50.906876+00:00
1165,38,Commission Paid,EXPENSE,1154.0,2026-02-23 11:58:50.915165+00:00,2026-02-23 11:58:50.915175+00:00
1166,14,Accumulated Depreciation,ASSET,283.0,2026-02-28 07:15:37.803977+00:00,2026-02-28 07:15:37.803983+00:00
1167,39,Assets,ASSET,,2026-03-09 06:39:51.411036+00:00,2026-03-09 06:39:51.411041+00:00
1168,39,Current Assets,ASSET,1167.0,2026-03-09 06:39:51.425399+00:00,2026-03-09 06:39:51.425404+00:00
1169,39,Cash-in-Hand,ASSET,1168.0,2026-03-09 06:39:51.428047+00:00,2026-03-09 06:39:51.428052+00:00
1170,39,Bank Accounts,ASSET,1168.0,2026-03-09 06:39:51.430604+00:00,2026-03-09 06:39:51.430608+00:00
1171,39,Sundry Debtors,ASSET,1168.0,2026-03-09 06:39:51.433022+00:00,2026-03-09 06:39:51.433026+00:00
1172,39,Loans & Advances (Assets),ASSET,1168.0,2026-03-09 06:39:51.435195+00:00,2026-03-09 06:39:51.435198+00:00
1173,39,Deposits (Assets),ASSET,1168.0,2026-03-09 06:39:51.437251+00:00,2026-03-09 06:39:51.437255+00:00
1174,39,Stock-in-Hand,ASSET,1168.0,2026-03-09 06:39:51.439682+00:00,2026-03-09 06:39:51.439685+00:00
1175,39,Prepaid Expenses,ASSET,1168.0,2026-03-09 06:39:51.441711+00:00,2026-03-09 06:39:51.441715+00:00
1176,39,Input Tax Credits,ASSET,1168.0,2026-03-09 06:39:51.444000+00:00,2026-03-09 06:39:51.444003+00:00
1177,39,TDS Receivable,ASSET,1168.0,2026-03-09 06:39:51.446502+00:00,2026-03-09 06:39:51.446506+00:00
1178,39,VAT Receivable,ASSET,1168.0,2026-03-09 06:39:51.448501+00:00,2026-03-09 06:39:51.448505+00:00
1179,39,Fixed Assets,ASSET,1167.0,2026-03-09 06:39:51.450405+00:00,2026-03-09 06:39:51.450409+00:00
1180,39,Furniture & Fixtures,ASSET,1179.0,2026-03-09 06:39:51.452351+00:00,2026-03-09 06:39:51.452355+00:00
1181,39,Plant & Machinery,ASSET,1179.0,2026-03-09 06:39:51.454424+00:00,2026-03-09 06:39:51.454427+00:00
1182,39,Computers,ASSET,1179.0,2026-03-09 06:39:51.456983+00:00,2026-03-09 06:39:51.456986+00:00
1183,39,Office Equipment,ASSET,1179.0,2026-03-09 06:39:51.459071+00:00,2026-03-09 06:39:51.459075+00:00
1184,39,Land & Building,ASSET,1179.0,2026-03-09 06:39:51.462079+00:00,2026-03-09 06:39:51.462084+00:00
1185,39,Vehicles,ASSET,1179.0,2026-03-09 06:39:51.464585+00:00,2026-03-09 06:39:51.464589+00:00
1186,39,Accumulated Depreciation,ASSET,1179.0,2026-03-09 06:39:51.466527+00:00,2026-03-09 06:39:51.466530+00:00
1187,39,Liabilities,LIABILITY,,2026-03-09 06:39:51.468663+00:00,2026-03-09 06:39:51.468666+00:00
1188,39,Current Liabilities,LIABILITY,1187.0,2026-03-09 06:39:51.471023+00:00,2026-03-09 06:39:51.471027+00:00
1189,39,Sundry Creditors,LIABILITY,1188.0,2026-03-09 06:39:51.473297+00:00,2026-03-09 06:39:51.473301+00:00
1190,39,Duties & Taxes,LIABILITY,1188.0,2026-03-09 06:39:51.475449+00:00,2026-03-09 06:39:51.475453+00:00
1191,39,TDS Payable,LIABILITY,1188.0,2026-03-09 06:39:51.477278+00:00,2026-03-09 06:39:51.477282+00:00
1192,39,VAT Payable,LIABILITY,1188.0,2026-03-09 06:39:51.479431+00:00,2026-03-09 06:39:51.479434+00:00
1193,39,GST Payable,LIABILITY,1188.0,2026-03-09 06:39:51.481476+00:00,2026-03-09 06:39:51.481479+00:00
1194,39,Payroll Payables,LIABILITY,1188.0,2026-03-09 06:39:51.483563+00:00,2026-03-09 06:39:51.483567+00:00
1195,39,Expenses Payable,LIABILITY,1188.0,2026-03-09 06:39:51.485523+00:00,2026-03-09 06:39:51.485527+00:00
1196,39,Advances from Customers,LIABILITY,1188.0,2026-03-09 06:39:51.487666+00:00,2026-03-09 06:39:51.487670+00:00
1197,39,Long Term Liabilities,LIABILITY,1187.0,2026-03-09 06:39:51.489946+00:00,2026-03-09 06:39:51.489949+00:00
1198,39,Secured Loans,LIABILITY,1197.0,2026-03-09 06:39:51.492244+00:00,2026-03-09 06:39:51.492248+00:00
1199,39,Unsecured Loans,LIABILITY,1197.0,2026-03-09 06:39:51.494468+00:00,2026-03-09 06:39:51.494472+00:00
1200,39,Owner’s Equity,LIABILITY,1187.0,2026-03-09 06:39:51.497976+00:00,2026-03-09 06:39:51.497980+00:00
1201,39,Capital Account,LIABILITY,1200.0,2026-03-09 06:39:51.499972+00:00,2026-03-09 06:39:51.499975+00:00
1202,39,Drawings,LIABILITY,1200.0,2026-03-09 06:39:51.502085+00:00,2026-03-09 06:39:51.502089+00:00
1203,39,Retained Earnings / Reserves & Surplus,LIABILITY,1200.0,2026-03-09 06:39:51.504269+00:00,2026-03-09 06:39:51.504272+00:00
1204,39,Income,INCOME,,2026-03-09 06:39:51.506419+00:00,2026-03-09 06:39:51.506423+00:00
1205,39,Sales Accounts,INCOME,1204.0,2026-03-09 06:39:51.508309+00:00,2026-03-09 06:39:51.508313+00:00
1206,39,Indirect Income,INCOME,1204.0,2026-03-09 06:39:51.510855+00:00,2026-03-09 06:39:51.510859+00:00
1207,39,Direct Income,INCOME,1204.0,2026-03-09 06:39:51.513024+00:00,2026-03-09 06:39:51.513027+00:00
1208,39,Discount Received,INCOME,1204.0,2026-03-09 06:39:51.514997+00:00,2026-03-09 06:39:51.515001+00:00
1209,39,Commission Received,INCOME,1204.0,2026-03-09 06:39:51.516919+00:00,2026-03-09 06:39:51.516923+00:00
1210,39,Expenses,EXPENSE,,2026-03-09 06:39:51.519010+00:00,2026-03-09 06:39:51.519014+00:00
1211,39,Direct Expenses,EXPENSE,1210.0,2026-03-09 06:39:51.520945+00:00,2026-03-09 06:39:51.520949+00:00
1212,39,Purchase Accounts,EXPENSE,1211.0,2026-03-09 06:39:51.523216+00:00,2026-03-09 06:39:51.523220+00:00
1213,39,Freight / Carriage Inwards,EXPENSE,1211.0,2026-03-09 06:39:51.526671+00:00,2026-03-09 06:39:51.526675+00:00
1214,39,Import Duty,EXPENSE,1211.0,2026-03-09 06:39:51.528695+00:00,2026-03-09 06:39:51.528699+00:00
1215,39,Manufacturing Expenses,EXPENSE,1211.0,2026-03-09 06:39:51.530766+00:00,2026-03-09 06:39:51.530770+00:00
1216,39,Indirect Expenses,EXPENSE,1210.0,2026-03-09 06:39:51.532869+00:00,2026-03-09 06:39:51.532872+00:00
1217,39,Salary Expense,EXPENSE,1216.0,2026-03-09 06:39:51.535350+00:00,2026-03-09 06:39:51.535355+00:00
1218,39,Office Rent,EXPENSE,1216.0,2026-03-09 06:39:51.537404+00:00,2026-03-09 06:39:51.537408+00:00
1219,39,Utilities,EXPENSE,1216.0,2026-03-09 06:39:51.539574+00:00,2026-03-09 06:39:51.539578+00:00
1220,39,Repair & Maintenance,EXPENSE,1216.0,2026-03-09 06:39:51.541575+00:00,2026-03-09 06:39:51.541579+00:00
1221,39,Fuel Expenses,EXPENSE,1216.0,2026-03-09 06:39:51.543738+00:00,2026-03-09 06:39:51.543741+00:00
1222,39,Travel Expenses,EXPENSE,1216.0,2026-03-09 06:39:51.545587+00:00,2026-03-09 06:39:51.545591+00:00
1223,39,Advertising Expenses,EXPENSE,1216.0,2026-03-09 06:39:51.547954+00:00,2026-03-09 06:39:51.547958+00:00
1224,39,Telephone/Internet Expense,EXPENSE,1216.0,2026-03-09 06:39:51.550317+00:00,2026-03-09 06:39:51.550320+00:00
1225,39,Miscellaneous Expenses,EXPENSE,1216.0,2026-03-09 06:39:51.552516+00:00,2026-03-09 06:39:51.552520+00:00
1226,39,Discount Allowed,EXPENSE,1216.0,2026-03-09 06:39:51.554791+00:00,2026-03-09 06:39:51.554798+00:00
1227,39,Commission Paid,EXPENSE,1216.0,2026-03-09 06:39:51.556921+00:00,2026-03-09 06:39:51.556925+00:00
1228,6,Accumulated Depreciation,ASSET,223.0,2026-03-14 04:27:26.570881+00:00,2026-03-14 04:27:26.570889+00:00
1229,1,Accumulated Depreciation,ASSET,625.0,2026-03-24 22:56:15.752762+00:00,2026-03-24 22:56:15.752774+00:00
1230,3,Accumulated Depreciation,ASSET,685.0,2026-03-24 22:56:16.040620+00:00,2026-03-24 22:56:16.040625+00:00
1231,4,Accumulated Depreciation,ASSET,745.0,2026-03-24 22:56:16.186282+00:00,2026-03-24 22:56:16.186287+00:00
1232,5,Accumulated Depreciation,ASSET,805.0,2026-03-24 22:56:16.336761+00:00,2026-03-24 22:56:16.336766+00:00
1233,16,Accumulated Depreciation,ASSET,865.0,2026-03-24 22:56:16.716921+00:00,2026-03-24 22:56:16.716926+00:00
1234,17,Accumulated Depreciation,ASSET,925.0,2026-03-24 22:56:16.842279+00:00,2026-03-24 22:56:16.842284+00:00
1235,18,Accumulated Depreciation,ASSET,985.0,2026-03-24 22:56:16.969019+00:00,2026-03-24 22:56:16.969024+00:00
1236,19,Accumulated Depreciation,ASSET,103.0,2026-03-24 22:56:17.089373+00:00,2026-03-24 22:56:17.089377+00:00
1237,20,Accumulated Depreciation,ASSET,163.0,2026-03-24 22:56:17.212546+00:00,2026-03-24 22:56:17.212550+00:00
1238,21,Accumulated Depreciation,ASSET,343.0,2026-03-24 22:56:17.336598+00:00,2026-03-24 22:56:17.336603+00:00
1239,22,Accumulated Depreciation,ASSET,403.0,2026-03-24 22:56:17.454101+00:00,2026-03-24 22:56:17.454106+00:00
1240,23,Accumulated Depreciation,ASSET,463.0,2026-03-24 22:56:17.572328+00:00,2026-03-24 22:56:17.572332+00:00
1241,24,Accumulated Depreciation,ASSET,523.0,2026-03-24 22:56:17.697913+00:00,2026-03-24 22:56:17.697917+00:00
1242,27,Assets,ASSET,,2026-03-24 22:56:17.807335+00:00,2026-03-24 22:56:17.807340+00:00
1243,27,Current Assets,ASSET,1242.0,2026-03-24 22:56:17.809028+00:00,2026-03-24 22:56:17.809032+00:00
1244,27,Cash-in-Hand,ASSET,1243.0,2026-03-24 22:56:17.810788+00:00,2026-03-24 22:56:17.810792+00:00
1245,27,Bank Accounts,ASSET,1243.0,2026-03-24 22:56:17.812464+00:00,2026-03-24 22:56:17.812468+00:00
1246,27,Sundry Debtors,ASSET,1243.0,2026-03-24 22:56:17.814057+00:00,2026-03-24 22:56:17.814061+00:00
1247,27,Loans & Advances (Assets),ASSET,1243.0,2026-03-24 22:56:17.815734+00:00,2026-03-24 22:56:17.815738+00:00
1248,27,Deposits (Assets),ASSET,1243.0,2026-03-24 22:56:17.817366+00:00,2026-03-24 22:56:17.817370+00:00
1249,27,Stock-in-Hand,ASSET,1243.0,2026-03-24 22:56:17.819012+00:00,2026-03-24 22:56:17.819016+00:00
1250,27,Prepaid Expenses,ASSET,1243.0,2026-03-24 22:56:17.820677+00:00,2026-03-24 22:56:17.820681+00:00
1251,27,Input Tax Credits,ASSET,1243.0,2026-03-24 22:56:17.822362+00:00,2026-03-24 22:56:17.822367+00:00
1252,27,TDS Receivable,ASSET,1243.0,2026-03-24 22:56:17.823958+00:00,2026-03-24 22:56:17.823962+00:00
1253,27,VAT Receivable,ASSET,1243.0,2026-03-24 22:56:17.825607+00:00,2026-03-24 22:56:17.825611+00:00
1254,27,Fixed Assets,ASSET,1242.0,2026-03-24 22:56:17.827157+00:00,2026-03-24 22:56:17.827161+00:00
1255,27,Furniture & Fixtures,ASSET,1254.0,2026-03-24 22:56:17.828740+00:00,2026-03-24 22:56:17.828744+00:00
1256,27,Plant & Machinery,ASSET,1254.0,2026-03-24 22:56:17.830284+00:00,2026-03-24 22:56:17.830288+00:00
1257,27,Computers,ASSET,1254.0,2026-03-24 22:56:17.831774+00:00,2026-03-24 22:56:17.831778+00:00
1258,27,Office Equipment,ASSET,1254.0,2026-03-24 22:56:17.833193+00:00,2026-03-24 22:56:17.833197+00:00
1259,27,Land & Building,ASSET,1254.0,2026-03-24 22:56:17.835944+00:00,2026-03-24 22:56:17.835950+00:00
1260,27,Vehicles,ASSET,1254.0,2026-03-24 22:56:17.837799+00:00,2026-03-24 22:56:17.837803+00:00
1261,27,Accumulated Depreciation,ASSET,1254.0,2026-03-24 22:56:17.839351+00:00,2026-03-24 22:56:17.839355+00:00
1262,27,Liabilities,LIABILITY,,2026-03-24 22:56:17.840797+00:00,2026-03-24 22:56:17.840801+00:00
1263,27,Current Liabilities,LIABILITY,1262.0,2026-03-24 22:56:17.843871+00:00,2026-03-24 22:56:17.843876+00:00
1264,27,Sundry Creditors,LIABILITY,1263.0,2026-03-24 22:56:17.845496+00:00,2026-03-24 22:56:17.845502+00:00
1265,27,Duties & Taxes,LIABILITY,1263.0,2026-03-24 22:56:17.847027+00:00,2026-03-24 22:56:17.847031+00:00
1266,27,TDS Payable,LIABILITY,1263.0,2026-03-24 22:56:17.848503+00:00,2026-03-24 22:56:17.848506+00:00
1267,27,VAT Payable,LIABILITY,1263.0,2026-03-24 22:56:17.850306+00:00,2026-03-24 22:56:17.850310+00:00
1268,27,GST Payable,LIABILITY,1263.0,2026-03-24 22:56:17.851856+00:00,2026-03-24 22:56:17.851861+00:00
1269,27,Payroll Payables,LIABILITY,1263.0,2026-03-24 22:56:17.853402+00:00,2026-03-24 22:56:17.853406+00:00
1270,27,Expenses Payable,LIABILITY,1263.0,2026-03-24 22:56:17.854943+00:00,2026-03-24 22:56:17.854947+00:00
1271,27,Advances from Customers,LIABILITY,1263.0,2026-03-24 22:56:17.856570+00:00,2026-03-24 22:56:17.856574+00:00
1272,27,Long Term Liabilities,LIABILITY,1262.0,2026-03-24 22:56:17.858071+00:00,2026-03-24 22:56:17.858075+00:00
1273,27,Secured Loans,LIABILITY,1272.0,2026-03-24 22:56:17.860886+00:00,2026-03-24 22:56:17.860891+00:00
1274,27,Unsecured Loans,LIABILITY,1272.0,2026-03-24 22:56:17.863525+00:00,2026-03-24 22:56:17.863530+00:00
1275,27,Owner’s Equity,LIABILITY,1262.0,2026-03-24 22:56:17.866536+00:00,2026-03-24 22:56:17.866543+00:00
1276,27,Capital Account,LIABILITY,1275.0,2026-03-24 22:56:17.868932+00:00,2026-03-24 22:56:17.868937+00:00
1277,27,Drawings,LIABILITY,1275.0,2026-03-24 22:56:17.871136+00:00,2026-03-24 22:56:17.871140+00:00
1278,27,Retained Earnings / Reserves & Surplus,LIABILITY,1275.0,2026-03-24 22:56:17.873188+00:00,2026-03-24 22:56:17.873193+00:00
1279,27,Income,INCOME,,2026-03-24 22:56:17.875170+00:00,2026-03-24 22:56:17.875175+00:00
1280,27,Sales Accounts,INCOME,1279.0,2026-03-24 22:56:17.876903+00:00,2026-03-24 22:56:17.876909+00:00
1281,27,Indirect Income,INCOME,1279.0,2026-03-24 22:56:17.878689+00:00,2026-03-24 22:56:17.878694+00:00
1282,27,Direct Income,INCOME,1279.0,2026-03-24 22:56:17.880609+00:00,2026-03-24 22:56:17.880615+00:00
1283,27,Discount Received,INCOME,1279.0,2026-03-24 22:56:17.882659+00:00,2026-03-24 22:56:17.882664+00:00
1284,27,Commission Received,INCOME,1279.0,2026-03-24 22:56:17.884774+00:00,2026-03-24 22:56:17.884779+00:00
1285,27,Expenses,EXPENSE,,2026-03-24 22:56:17.886366+00:00,2026-03-24 22:56:17.886370+00:00
1286,27,Direct Expenses,EXPENSE,1285.0,2026-03-24 22:56:17.888079+00:00,2026-03-24 22:56:17.888083+00:00
1287,27,Purchase Accounts,EXPENSE,1286.0,2026-03-24 22:56:17.889624+00:00,2026-03-24 22:56:17.889628+00:00
1288,27,Freight / Carriage Inwards,EXPENSE,1286.0,2026-03-24 22:56:17.891210+00:00,2026-03-24 22:56:17.891214+00:00
1289,27,Import Duty,EXPENSE,1286.0,2026-03-24 22:56:17.892754+00:00,2026-03-24 22:56:17.892758+00:00
1290,27,Manufacturing Expenses,EXPENSE,1286.0,2026-03-24 22:56:17.894274+00:00,2026-03-24 22:56:17.894278+00:00
1291,27,Indirect Expenses,EXPENSE,1285.0,2026-03-24 22:56:17.896092+00:00,2026-03-24 22:56:17.896097+00:00
1292,27,Salary Expense,EXPENSE,1291.0,2026-03-24 22:56:17.898611+00:00,2026-03-24 22:56:17.898615+00:00
1293,27,Office Rent,EXPENSE,1291.0,2026-03-24 22:56:17.900352+00:00,2026-03-24 22:56:17.900356+00:00
1294,27,Utilities,EXPENSE,1291.0,2026-03-24 22:56:17.901868+00:00,2026-03-24 22:56:17.901871+00:00
1295,27,Repair & Maintenance,EXPENSE,1291.0,2026-03-24 22:56:17.903395+00:00,2026-03-24 22:56:17.903399+00:00
1296,27,Fuel Expenses,EXPENSE,1291.0,2026-03-24 22:56:17.904908+00:00,2026-03-24 22:56:17.904912+00:00
1297,27,Travel Expenses,EXPENSE,1291.0,2026-03-24 22:56:17.906560+00:00,2026-03-24 22:56:17.906565+00:00
1298,27,Advertising Expenses,EXPENSE,1291.0,2026-03-24 22:56:17.908443+00:00,2026-03-24 22:56:17.908448+00:00
1299,27,Telephone/Internet Expense,EXPENSE,1291.0,2026-03-24 22:56:17.910473+00:00,2026-03-24 22:56:17.910478+00:00
1300,27,Miscellaneous Expenses,EXPENSE,1291.0,2026-03-24 22:56:17.912470+00:00,2026-03-24 22:56:17.912474+00:00
1301,27,Discount Allowed,EXPENSE,1291.0,2026-03-24 22:56:17.914329+00:00,2026-03-24 22:56:17.914334+00:00
1302,27,Commission Paid,EXPENSE,1291.0,2026-03-24 22:56:17.916150+00:00,2026-03-24 22:56:17.916154+00:00
1547,37,Accumulated Depreciation,ASSET,1058.0,2026-03-24 22:56:18.950958+00:00,2026-03-24 22:56:18.950963+00:00
1548,38,Accumulated Depreciation,ASSET,1118.0,2026-03-24 22:56:19.055140+00:00,2026-03-24 22:56:19.055145+00:00
1303,28,Assets,ASSET,,2026-03-24 22:56:18.045321+00:00,2026-03-24 22:56:18.045327+00:00
1304,28,Current Assets,ASSET,1303.0,2026-03-24 22:56:18.047517+00:00,2026-03-24 22:56:18.047522+00:00
1305,28,Cash-in-Hand,ASSET,1304.0,2026-03-24 22:56:18.049810+00:00,2026-03-24 22:56:18.049815+00:00
1306,28,Bank Accounts,ASSET,1304.0,2026-03-24 22:56:18.051978+00:00,2026-03-24 22:56:18.051983+00:00
1307,28,Sundry Debtors,ASSET,1304.0,2026-03-24 22:56:18.054710+00:00,2026-03-24 22:56:18.054717+00:00
1308,28,Loans & Advances (Assets),ASSET,1304.0,2026-03-24 22:56:18.056709+00:00,2026-03-24 22:56:18.056714+00:00
1309,28,Deposits (Assets),ASSET,1304.0,2026-03-24 22:56:18.058539+00:00,2026-03-24 22:56:18.058543+00:00
1310,28,Stock-in-Hand,ASSET,1304.0,2026-03-24 22:56:18.060227+00:00,2026-03-24 22:56:18.060232+00:00
1311,28,Prepaid Expenses,ASSET,1304.0,2026-03-24 22:56:18.062506+00:00,2026-03-24 22:56:18.062511+00:00
1312,28,Input Tax Credits,ASSET,1304.0,2026-03-24 22:56:18.064439+00:00,2026-03-24 22:56:18.064444+00:00
1313,28,TDS Receivable,ASSET,1304.0,2026-03-24 22:56:18.066338+00:00,2026-03-24 22:56:18.066343+00:00
1314,28,VAT Receivable,ASSET,1304.0,2026-03-24 22:56:18.068334+00:00,2026-03-24 22:56:18.068339+00:00
1315,28,Fixed Assets,ASSET,1303.0,2026-03-24 22:56:18.070184+00:00,2026-03-24 22:56:18.070189+00:00
1316,28,Furniture & Fixtures,ASSET,1315.0,2026-03-24 22:56:18.072024+00:00,2026-03-24 22:56:18.072029+00:00
1317,28,Plant & Machinery,ASSET,1315.0,2026-03-24 22:56:18.074120+00:00,2026-03-24 22:56:18.074125+00:00
1318,28,Computers,ASSET,1315.0,2026-03-24 22:56:18.076170+00:00,2026-03-24 22:56:18.076175+00:00
1319,28,Office Equipment,ASSET,1315.0,2026-03-24 22:56:18.078489+00:00,2026-03-24 22:56:18.078496+00:00
1320,28,Land & Building,ASSET,1315.0,2026-03-24 22:56:18.081024+00:00,2026-03-24 22:56:18.081031+00:00
1321,28,Vehicles,ASSET,1315.0,2026-03-24 22:56:18.083101+00:00,2026-03-24 22:56:18.083107+00:00
1322,28,Accumulated Depreciation,ASSET,1315.0,2026-03-24 22:56:18.085480+00:00,2026-03-24 22:56:18.085485+00:00
1323,28,Liabilities,LIABILITY,,2026-03-24 22:56:18.087640+00:00,2026-03-24 22:56:18.087645+00:00
1324,28,Current Liabilities,LIABILITY,1323.0,2026-03-24 22:56:18.089495+00:00,2026-03-24 22:56:18.089501+00:00
1325,28,Sundry Creditors,LIABILITY,1324.0,2026-03-24 22:56:18.092047+00:00,2026-03-24 22:56:18.092052+00:00
1326,28,Duties & Taxes,LIABILITY,1324.0,2026-03-24 22:56:18.094173+00:00,2026-03-24 22:56:18.094178+00:00
1327,28,TDS Payable,LIABILITY,1324.0,2026-03-24 22:56:18.096532+00:00,2026-03-24 22:56:18.096539+00:00
1328,28,VAT Payable,LIABILITY,1324.0,2026-03-24 22:56:18.098684+00:00,2026-03-24 22:56:18.098689+00:00
1329,28,GST Payable,LIABILITY,1324.0,2026-03-24 22:56:18.100560+00:00,2026-03-24 22:56:18.100565+00:00
1330,28,Payroll Payables,LIABILITY,1324.0,2026-03-24 22:56:18.102901+00:00,2026-03-24 22:56:18.102906+00:00
1331,28,Expenses Payable,LIABILITY,1324.0,2026-03-24 22:56:18.104608+00:00,2026-03-24 22:56:18.104614+00:00
1332,28,Advances from Customers,LIABILITY,1324.0,2026-03-24 22:56:18.106394+00:00,2026-03-24 22:56:18.106399+00:00
1333,28,Long Term Liabilities,LIABILITY,1323.0,2026-03-24 22:56:18.108313+00:00,2026-03-24 22:56:18.108318+00:00
1334,28,Secured Loans,LIABILITY,1333.0,2026-03-24 22:56:18.110218+00:00,2026-03-24 22:56:18.110223+00:00
1335,28,Unsecured Loans,LIABILITY,1333.0,2026-03-24 22:56:18.112120+00:00,2026-03-24 22:56:18.112125+00:00
1336,28,Owner’s Equity,LIABILITY,1323.0,2026-03-24 22:56:18.113748+00:00,2026-03-24 22:56:18.113752+00:00
1337,28,Capital Account,LIABILITY,1336.0,2026-03-24 22:56:18.116156+00:00,2026-03-24 22:56:18.116165+00:00
1338,28,Drawings,LIABILITY,1336.0,2026-03-24 22:56:18.119138+00:00,2026-03-24 22:56:18.119143+00:00
1339,28,Retained Earnings / Reserves & Surplus,LIABILITY,1336.0,2026-03-24 22:56:18.121127+00:00,2026-03-24 22:56:18.121131+00:00
1340,28,Income,INCOME,,2026-03-24 22:56:18.122697+00:00,2026-03-24 22:56:18.122701+00:00
1341,28,Sales Accounts,INCOME,1340.0,2026-03-24 22:56:18.124259+00:00,2026-03-24 22:56:18.124263+00:00
1342,28,Indirect Income,INCOME,1340.0,2026-03-24 22:56:18.126501+00:00,2026-03-24 22:56:18.126512+00:00
1343,28,Direct Income,INCOME,1340.0,2026-03-24 22:56:18.129057+00:00,2026-03-24 22:56:18.129061+00:00
1344,28,Discount Received,INCOME,1340.0,2026-03-24 22:56:18.130822+00:00,2026-03-24 22:56:18.130826+00:00
1345,28,Commission Received,INCOME,1340.0,2026-03-24 22:56:18.132482+00:00,2026-03-24 22:56:18.132488+00:00
1346,28,Expenses,EXPENSE,,2026-03-24 22:56:18.134079+00:00,2026-03-24 22:56:18.134087+00:00
1347,28,Direct Expenses,EXPENSE,1346.0,2026-03-24 22:56:18.135869+00:00,2026-03-24 22:56:18.135874+00:00
1348,28,Purchase Accounts,EXPENSE,1347.0,2026-03-24 22:56:18.137707+00:00,2026-03-24 22:56:18.137712+00:00
1349,28,Freight / Carriage Inwards,EXPENSE,1347.0,2026-03-24 22:56:18.139474+00:00,2026-03-24 22:56:18.139479+00:00
1350,28,Import Duty,EXPENSE,1347.0,2026-03-24 22:56:18.141228+00:00,2026-03-24 22:56:18.141233+00:00
1351,28,Manufacturing Expenses,EXPENSE,1347.0,2026-03-24 22:56:18.143096+00:00,2026-03-24 22:56:18.143101+00:00
1352,28,Indirect Expenses,EXPENSE,1346.0,2026-03-24 22:56:18.144859+00:00,2026-03-24 22:56:18.144864+00:00
1353,28,Salary Expense,EXPENSE,1352.0,2026-03-24 22:56:18.146782+00:00,2026-03-24 22:56:18.146790+00:00
1354,28,Office Rent,EXPENSE,1352.0,2026-03-24 22:56:18.149540+00:00,2026-03-24 22:56:18.149545+00:00
1355,28,Utilities,EXPENSE,1352.0,2026-03-24 22:56:18.151412+00:00,2026-03-24 22:56:18.151416+00:00
1356,28,Repair & Maintenance,EXPENSE,1352.0,2026-03-24 22:56:18.153595+00:00,2026-03-24 22:56:18.153602+00:00
1357,28,Fuel Expenses,EXPENSE,1352.0,2026-03-24 22:56:18.156382+00:00,2026-03-24 22:56:18.156387+00:00
1358,28,Travel Expenses,EXPENSE,1352.0,2026-03-24 22:56:18.158508+00:00,2026-03-24 22:56:18.158512+00:00
1359,28,Advertising Expenses,EXPENSE,1352.0,2026-03-24 22:56:18.160300+00:00,2026-03-24 22:56:18.160304+00:00
1360,28,Telephone/Internet Expense,EXPENSE,1352.0,2026-03-24 22:56:18.162417+00:00,2026-03-24 22:56:18.162422+00:00
1361,28,Miscellaneous Expenses,EXPENSE,1352.0,2026-03-24 22:56:18.164306+00:00,2026-03-24 22:56:18.164311+00:00
1362,28,Discount Allowed,EXPENSE,1352.0,2026-03-24 22:56:18.166128+00:00,2026-03-24 22:56:18.166132+00:00
1363,28,Commission Paid,EXPENSE,1352.0,2026-03-24 22:56:18.167994+00:00,2026-03-24 22:56:18.167998+00:00
1364,31,Assets,ASSET,,2026-03-24 22:56:18.297494+00:00,2026-03-24 22:56:18.297499+00:00
1365,31,Current Assets,ASSET,1364.0,2026-03-24 22:56:18.299780+00:00,2026-03-24 22:56:18.299788+00:00
1366,31,Cash-in-Hand,ASSET,1365.0,2026-03-24 22:56:18.302008+00:00,2026-03-24 22:56:18.302012+00:00
1367,31,Bank Accounts,ASSET,1365.0,2026-03-24 22:56:18.304861+00:00,2026-03-24 22:56:18.304866+00:00
1368,31,Sundry Debtors,ASSET,1365.0,2026-03-24 22:56:18.307015+00:00,2026-03-24 22:56:18.307019+00:00
1369,31,Loans & Advances (Assets),ASSET,1365.0,2026-03-24 22:56:18.308733+00:00,2026-03-24 22:56:18.308738+00:00
1370,31,Deposits (Assets),ASSET,1365.0,2026-03-24 22:56:18.310815+00:00,2026-03-24 22:56:18.310819+00:00
1371,31,Stock-in-Hand,ASSET,1365.0,2026-03-24 22:56:18.312729+00:00,2026-03-24 22:56:18.312734+00:00
1372,31,Prepaid Expenses,ASSET,1365.0,2026-03-24 22:56:18.314606+00:00,2026-03-24 22:56:18.314610+00:00
1373,31,Input Tax Credits,ASSET,1365.0,2026-03-24 22:56:18.316604+00:00,2026-03-24 22:56:18.316609+00:00
1374,31,TDS Receivable,ASSET,1365.0,2026-03-24 22:56:18.318820+00:00,2026-03-24 22:56:18.318824+00:00
1375,31,VAT Receivable,ASSET,1365.0,2026-03-24 22:56:18.320707+00:00,2026-03-24 22:56:18.320712+00:00
1376,31,Fixed Assets,ASSET,1364.0,2026-03-24 22:56:18.322471+00:00,2026-03-24 22:56:18.322476+00:00
1377,31,Furniture & Fixtures,ASSET,1376.0,2026-03-24 22:56:18.324233+00:00,2026-03-24 22:56:18.324237+00:00
1378,31,Plant & Machinery,ASSET,1376.0,2026-03-24 22:56:18.326249+00:00,2026-03-24 22:56:18.326253+00:00
1379,31,Computers,ASSET,1376.0,2026-03-24 22:56:18.328325+00:00,2026-03-24 22:56:18.328330+00:00
1380,31,Office Equipment,ASSET,1376.0,2026-03-24 22:56:18.330302+00:00,2026-03-24 22:56:18.330307+00:00
1381,31,Land & Building,ASSET,1376.0,2026-03-24 22:56:18.333178+00:00,2026-03-24 22:56:18.333183+00:00
1382,31,Vehicles,ASSET,1376.0,2026-03-24 22:56:18.335604+00:00,2026-03-24 22:56:18.335609+00:00
1383,31,Accumulated Depreciation,ASSET,1376.0,2026-03-24 22:56:18.337908+00:00,2026-03-24 22:56:18.337915+00:00
1384,31,Liabilities,LIABILITY,,2026-03-24 22:56:18.339730+00:00,2026-03-24 22:56:18.339735+00:00
1385,31,Current Liabilities,LIABILITY,1384.0,2026-03-24 22:56:18.341869+00:00,2026-03-24 22:56:18.341874+00:00
1386,31,Sundry Creditors,LIABILITY,1385.0,2026-03-24 22:56:18.343648+00:00,2026-03-24 22:56:18.343653+00:00
1387,31,Duties & Taxes,LIABILITY,1385.0,2026-03-24 22:56:18.345626+00:00,2026-03-24 22:56:18.345631+00:00
1388,31,TDS Payable,LIABILITY,1385.0,2026-03-24 22:56:18.347456+00:00,2026-03-24 22:56:18.347460+00:00
1389,31,VAT Payable,LIABILITY,1385.0,2026-03-24 22:56:18.349199+00:00,2026-03-24 22:56:18.349203+00:00
1390,31,GST Payable,LIABILITY,1385.0,2026-03-24 22:56:18.351075+00:00,2026-03-24 22:56:18.351079+00:00
1391,31,Payroll Payables,LIABILITY,1385.0,2026-03-24 22:56:18.353272+00:00,2026-03-24 22:56:18.353277+00:00
1392,31,Expenses Payable,LIABILITY,1385.0,2026-03-24 22:56:18.355286+00:00,2026-03-24 22:56:18.355290+00:00
1393,31,Advances from Customers,LIABILITY,1385.0,2026-03-24 22:56:18.357202+00:00,2026-03-24 22:56:18.357207+00:00
1394,31,Long Term Liabilities,LIABILITY,1384.0,2026-03-24 22:56:18.359236+00:00,2026-03-24 22:56:18.359241+00:00
1395,31,Secured Loans,LIABILITY,1394.0,2026-03-24 22:56:18.360991+00:00,2026-03-24 22:56:18.360997+00:00
1396,31,Unsecured Loans,LIABILITY,1394.0,2026-03-24 22:56:18.362849+00:00,2026-03-24 22:56:18.362854+00:00
1397,31,Owner’s Equity,LIABILITY,1384.0,2026-03-24 22:56:18.365025+00:00,2026-03-24 22:56:18.365029+00:00
1398,31,Capital Account,LIABILITY,1397.0,2026-03-24 22:56:18.368033+00:00,2026-03-24 22:56:18.368039+00:00
1399,31,Drawings,LIABILITY,1397.0,2026-03-24 22:56:18.369885+00:00,2026-03-24 22:56:18.369889+00:00
1400,31,Retained Earnings / Reserves & Surplus,LIABILITY,1397.0,2026-03-24 22:56:18.372091+00:00,2026-03-24 22:56:18.372096+00:00
1401,31,Income,INCOME,,2026-03-24 22:56:18.374049+00:00,2026-03-24 22:56:18.374055+00:00
1402,31,Sales Accounts,INCOME,1401.0,2026-03-24 22:56:18.376269+00:00,2026-03-24 22:56:18.376273+00:00
1403,31,Indirect Income,INCOME,1401.0,2026-03-24 22:56:18.378001+00:00,2026-03-24 22:56:18.378005+00:00
1404,31,Direct Income,INCOME,1401.0,2026-03-24 22:56:18.379658+00:00,2026-03-24 22:56:18.379663+00:00
1405,31,Discount Received,INCOME,1401.0,2026-03-24 22:56:18.381429+00:00,2026-03-24 22:56:18.381434+00:00
1406,31,Commission Received,INCOME,1401.0,2026-03-24 22:56:18.383128+00:00,2026-03-24 22:56:18.383132+00:00
1407,31,Expenses,EXPENSE,,2026-03-24 22:56:18.384799+00:00,2026-03-24 22:56:18.384803+00:00
1408,31,Direct Expenses,EXPENSE,1407.0,2026-03-24 22:56:18.386899+00:00,2026-03-24 22:56:18.386904+00:00
1409,31,Purchase Accounts,EXPENSE,1408.0,2026-03-24 22:56:18.388927+00:00,2026-03-24 22:56:18.388932+00:00
1410,31,Freight / Carriage Inwards,EXPENSE,1408.0,2026-03-24 22:56:18.390594+00:00,2026-03-24 22:56:18.390598+00:00
1411,31,Import Duty,EXPENSE,1408.0,2026-03-24 22:56:18.392231+00:00,2026-03-24 22:56:18.392235+00:00
1412,31,Manufacturing Expenses,EXPENSE,1408.0,2026-03-24 22:56:18.393898+00:00,2026-03-24 22:56:18.393903+00:00
1413,31,Indirect Expenses,EXPENSE,1407.0,2026-03-24 22:56:18.395718+00:00,2026-03-24 22:56:18.395722+00:00
1414,31,Salary Expense,EXPENSE,1413.0,2026-03-24 22:56:18.397975+00:00,2026-03-24 22:56:18.397980+00:00
1415,31,Office Rent,EXPENSE,1413.0,2026-03-24 22:56:18.400752+00:00,2026-03-24 22:56:18.400757+00:00
1416,31,Utilities,EXPENSE,1413.0,2026-03-24 22:56:18.403283+00:00,2026-03-24 22:56:18.403290+00:00
1417,31,Repair & Maintenance,EXPENSE,1413.0,2026-03-24 22:56:18.406009+00:00,2026-03-24 22:56:18.406016+00:00
1418,31,Fuel Expenses,EXPENSE,1413.0,2026-03-24 22:56:18.407917+00:00,2026-03-24 22:56:18.407922+00:00
1419,31,Travel Expenses,EXPENSE,1413.0,2026-03-24 22:56:18.409979+00:00,2026-03-24 22:56:18.409986+00:00
1420,31,Advertising Expenses,EXPENSE,1413.0,2026-03-24 22:56:18.412141+00:00,2026-03-24 22:56:18.412146+00:00
1421,31,Telephone/Internet Expense,EXPENSE,1413.0,2026-03-24 22:56:18.413976+00:00,2026-03-24 22:56:18.413981+00:00
1422,31,Miscellaneous Expenses,EXPENSE,1413.0,2026-03-24 22:56:18.415772+00:00,2026-03-24 22:56:18.415777+00:00
1423,31,Discount Allowed,EXPENSE,1413.0,2026-03-24 22:56:18.417795+00:00,2026-03-24 22:56:18.417799+00:00
1424,31,Commission Paid,EXPENSE,1413.0,2026-03-24 22:56:18.419731+00:00,2026-03-24 22:56:18.419737+00:00
1425,32,Assets,ASSET,,2026-03-24 22:56:18.539597+00:00,2026-03-24 22:56:18.539602+00:00
1426,32,Current Assets,ASSET,1425.0,2026-03-24 22:56:18.541632+00:00,2026-03-24 22:56:18.541637+00:00
1427,32,Cash-in-Hand,ASSET,1426.0,2026-03-24 22:56:18.543278+00:00,2026-03-24 22:56:18.543282+00:00
1428,32,Bank Accounts,ASSET,1426.0,2026-03-24 22:56:18.544845+00:00,2026-03-24 22:56:18.544849+00:00
1429,32,Sundry Debtors,ASSET,1426.0,2026-03-24 22:56:18.546263+00:00,2026-03-24 22:56:18.546267+00:00
1430,32,Loans & Advances (Assets),ASSET,1426.0,2026-03-24 22:56:18.547720+00:00,2026-03-24 22:56:18.547724+00:00
1431,32,Deposits (Assets),ASSET,1426.0,2026-03-24 22:56:18.549109+00:00,2026-03-24 22:56:18.549113+00:00
1432,32,Stock-in-Hand,ASSET,1426.0,2026-03-24 22:56:18.550549+00:00,2026-03-24 22:56:18.550553+00:00
1433,32,Prepaid Expenses,ASSET,1426.0,2026-03-24 22:56:18.552025+00:00,2026-03-24 22:56:18.552029+00:00
1434,32,Input Tax Credits,ASSET,1426.0,2026-03-24 22:56:18.554188+00:00,2026-03-24 22:56:18.554199+00:00
1435,32,TDS Receivable,ASSET,1426.0,2026-03-24 22:56:18.556359+00:00,2026-03-24 22:56:18.556363+00:00
1436,32,VAT Receivable,ASSET,1426.0,2026-03-24 22:56:18.557786+00:00,2026-03-24 22:56:18.557790+00:00
1437,32,Fixed Assets,ASSET,1425.0,2026-03-24 22:56:18.559210+00:00,2026-03-24 22:56:18.559213+00:00
1438,32,Furniture & Fixtures,ASSET,1437.0,2026-03-24 22:56:18.560607+00:00,2026-03-24 22:56:18.560611+00:00
1439,32,Plant & Machinery,ASSET,1437.0,2026-03-24 22:56:18.562050+00:00,2026-03-24 22:56:18.562054+00:00
1440,32,Computers,ASSET,1437.0,2026-03-24 22:56:18.563471+00:00,2026-03-24 22:56:18.563475+00:00
1441,32,Office Equipment,ASSET,1437.0,2026-03-24 22:56:18.564977+00:00,2026-03-24 22:56:18.564981+00:00
1442,32,Land & Building,ASSET,1437.0,2026-03-24 22:56:18.566690+00:00,2026-03-24 22:56:18.566694+00:00
1443,32,Vehicles,ASSET,1437.0,2026-03-24 22:56:18.568267+00:00,2026-03-24 22:56:18.568271+00:00
1444,32,Accumulated Depreciation,ASSET,1437.0,2026-03-24 22:56:18.569865+00:00,2026-03-24 22:56:18.569869+00:00
1445,32,Liabilities,LIABILITY,,2026-03-24 22:56:18.571392+00:00,2026-03-24 22:56:18.571395+00:00
1446,32,Current Liabilities,LIABILITY,1445.0,2026-03-24 22:56:18.573300+00:00,2026-03-24 22:56:18.573304+00:00
1447,32,Sundry Creditors,LIABILITY,1446.0,2026-03-24 22:56:18.575159+00:00,2026-03-24 22:56:18.575163+00:00
1448,32,Duties & Taxes,LIABILITY,1446.0,2026-03-24 22:56:18.576639+00:00,2026-03-24 22:56:18.576642+00:00
1449,32,TDS Payable,LIABILITY,1446.0,2026-03-24 22:56:18.577955+00:00,2026-03-24 22:56:18.577964+00:00
1450,32,VAT Payable,LIABILITY,1446.0,2026-03-24 22:56:18.579312+00:00,2026-03-24 22:56:18.579316+00:00
1451,32,GST Payable,LIABILITY,1446.0,2026-03-24 22:56:18.580853+00:00,2026-03-24 22:56:18.580857+00:00
1452,32,Payroll Payables,LIABILITY,1446.0,2026-03-24 22:56:18.582284+00:00,2026-03-24 22:56:18.582288+00:00
1453,32,Expenses Payable,LIABILITY,1446.0,2026-03-24 22:56:18.583773+00:00,2026-03-24 22:56:18.583776+00:00
1454,32,Advances from Customers,LIABILITY,1446.0,2026-03-24 22:56:18.586799+00:00,2026-03-24 22:56:18.586804+00:00
1455,32,Long Term Liabilities,LIABILITY,1445.0,2026-03-24 22:56:18.588751+00:00,2026-03-24 22:56:18.588756+00:00
1456,32,Secured Loans,LIABILITY,1455.0,2026-03-24 22:56:18.590641+00:00,2026-03-24 22:56:18.590645+00:00
1457,32,Unsecured Loans,LIABILITY,1455.0,2026-03-24 22:56:18.592164+00:00,2026-03-24 22:56:18.592168+00:00
1458,32,Owner’s Equity,LIABILITY,1445.0,2026-03-24 22:56:18.593733+00:00,2026-03-24 22:56:18.593737+00:00
1459,32,Capital Account,LIABILITY,1458.0,2026-03-24 22:56:18.595481+00:00,2026-03-24 22:56:18.595486+00:00
1460,32,Drawings,LIABILITY,1458.0,2026-03-24 22:56:18.597277+00:00,2026-03-24 22:56:18.597283+00:00
1461,32,Retained Earnings / Reserves & Surplus,LIABILITY,1458.0,2026-03-24 22:56:18.598847+00:00,2026-03-24 22:56:18.598851+00:00
1462,32,Income,INCOME,,2026-03-24 22:56:18.600354+00:00,2026-03-24 22:56:18.600359+00:00
1463,32,Sales Accounts,INCOME,1462.0,2026-03-24 22:56:18.602000+00:00,2026-03-24 22:56:18.602004+00:00
1464,32,Indirect Income,INCOME,1462.0,2026-03-24 22:56:18.603585+00:00,2026-03-24 22:56:18.603589+00:00
1465,32,Direct Income,INCOME,1462.0,2026-03-24 22:56:18.605134+00:00,2026-03-24 22:56:18.605138+00:00
1466,32,Discount Received,INCOME,1462.0,2026-03-24 22:56:18.606678+00:00,2026-03-24 22:56:18.606682+00:00
1467,32,Commission Received,INCOME,1462.0,2026-03-24 22:56:18.608226+00:00,2026-03-24 22:56:18.608230+00:00
1468,32,Expenses,EXPENSE,,2026-03-24 22:56:18.609619+00:00,2026-03-24 22:56:18.609622+00:00
1469,32,Direct Expenses,EXPENSE,1468.0,2026-03-24 22:56:18.611034+00:00,2026-03-24 22:56:18.611038+00:00
1470,32,Purchase Accounts,EXPENSE,1469.0,2026-03-24 22:56:18.612562+00:00,2026-03-24 22:56:18.612566+00:00
1471,32,Freight / Carriage Inwards,EXPENSE,1469.0,2026-03-24 22:56:18.614110+00:00,2026-03-24 22:56:18.614114+00:00
1472,32,Import Duty,EXPENSE,1469.0,2026-03-24 22:56:18.616332+00:00,2026-03-24 22:56:18.616337+00:00
1473,32,Manufacturing Expenses,EXPENSE,1469.0,2026-03-24 22:56:18.619159+00:00,2026-03-24 22:56:18.619166+00:00
1474,32,Indirect Expenses,EXPENSE,1468.0,2026-03-24 22:56:18.620660+00:00,2026-03-24 22:56:18.620663+00:00
1475,32,Salary Expense,EXPENSE,1474.0,2026-03-24 22:56:18.622181+00:00,2026-03-24 22:56:18.622186+00:00
1476,32,Office Rent,EXPENSE,1474.0,2026-03-24 22:56:18.624092+00:00,2026-03-24 22:56:18.624096+00:00
1477,32,Utilities,EXPENSE,1474.0,2026-03-24 22:56:18.625631+00:00,2026-03-24 22:56:18.625635+00:00
1478,32,Repair & Maintenance,EXPENSE,1474.0,2026-03-24 22:56:18.626956+00:00,2026-03-24 22:56:18.626960+00:00
1479,32,Fuel Expenses,EXPENSE,1474.0,2026-03-24 22:56:18.628926+00:00,2026-03-24 22:56:18.628931+00:00
1480,32,Travel Expenses,EXPENSE,1474.0,2026-03-24 22:56:18.630393+00:00,2026-03-24 22:56:18.630397+00:00
1481,32,Advertising Expenses,EXPENSE,1474.0,2026-03-24 22:56:18.631686+00:00,2026-03-24 22:56:18.631690+00:00
1482,32,Telephone/Internet Expense,EXPENSE,1474.0,2026-03-24 22:56:18.633168+00:00,2026-03-24 22:56:18.633173+00:00
1483,32,Miscellaneous Expenses,EXPENSE,1474.0,2026-03-24 22:56:18.634745+00:00,2026-03-24 22:56:18.634749+00:00
1484,32,Discount Allowed,EXPENSE,1474.0,2026-03-24 22:56:18.636246+00:00,2026-03-24 22:56:18.636256+00:00
1485,32,Commission Paid,EXPENSE,1474.0,2026-03-24 22:56:18.637664+00:00,2026-03-24 22:56:18.637668+00:00
1486,33,Assets,ASSET,,2026-03-24 22:56:18.733563+00:00,2026-03-24 22:56:18.733568+00:00
1487,33,Current Assets,ASSET,1486.0,2026-03-24 22:56:18.735454+00:00,2026-03-24 22:56:18.735459+00:00
1488,33,Cash-in-Hand,ASSET,1487.0,2026-03-24 22:56:18.737135+00:00,2026-03-24 22:56:18.737139+00:00
1489,33,Bank Accounts,ASSET,1487.0,2026-03-24 22:56:18.738682+00:00,2026-03-24 22:56:18.738686+00:00
1490,33,Sundry Debtors,ASSET,1487.0,2026-03-24 22:56:18.740413+00:00,2026-03-24 22:56:18.740417+00:00
1491,33,Loans & Advances (Assets),ASSET,1487.0,2026-03-24 22:56:18.743583+00:00,2026-03-24 22:56:18.743588+00:00
1492,33,Deposits (Assets),ASSET,1487.0,2026-03-24 22:56:18.745274+00:00,2026-03-24 22:56:18.745279+00:00
1493,33,Stock-in-Hand,ASSET,1487.0,2026-03-24 22:56:18.746855+00:00,2026-03-24 22:56:18.746860+00:00
1494,33,Prepaid Expenses,ASSET,1487.0,2026-03-24 22:56:18.748307+00:00,2026-03-24 22:56:18.748311+00:00
1495,33,Input Tax Credits,ASSET,1487.0,2026-03-24 22:56:18.749735+00:00,2026-03-24 22:56:18.749739+00:00
1496,33,TDS Receivable,ASSET,1487.0,2026-03-24 22:56:18.751415+00:00,2026-03-24 22:56:18.751419+00:00
1497,33,VAT Receivable,ASSET,1487.0,2026-03-24 22:56:18.752961+00:00,2026-03-24 22:56:18.752965+00:00
1498,33,Fixed Assets,ASSET,1486.0,2026-03-24 22:56:18.754634+00:00,2026-03-24 22:56:18.754639+00:00
1499,33,Furniture & Fixtures,ASSET,1498.0,2026-03-24 22:56:18.756446+00:00,2026-03-24 22:56:18.756450+00:00
1500,33,Plant & Machinery,ASSET,1498.0,2026-03-24 22:56:18.758038+00:00,2026-03-24 22:56:18.758042+00:00
1501,33,Computers,ASSET,1498.0,2026-03-24 22:56:18.759748+00:00,2026-03-24 22:56:18.759753+00:00
1502,33,Office Equipment,ASSET,1498.0,2026-03-24 22:56:18.761367+00:00,2026-03-24 22:56:18.761371+00:00
1503,33,Land & Building,ASSET,1498.0,2026-03-24 22:56:18.762941+00:00,2026-03-24 22:56:18.762946+00:00
1504,33,Vehicles,ASSET,1498.0,2026-03-24 22:56:18.764447+00:00,2026-03-24 22:56:18.764451+00:00
1505,33,Accumulated Depreciation,ASSET,1498.0,2026-03-24 22:56:18.765990+00:00,2026-03-24 22:56:18.765994+00:00
1506,33,Liabilities,LIABILITY,,2026-03-24 22:56:18.767531+00:00,2026-03-24 22:56:18.767535+00:00
1507,33,Current Liabilities,LIABILITY,1506.0,2026-03-24 22:56:18.769112+00:00,2026-03-24 22:56:18.769116+00:00
1508,33,Sundry Creditors,LIABILITY,1507.0,2026-03-24 22:56:18.770883+00:00,2026-03-24 22:56:18.770887+00:00
1509,33,Duties & Taxes,LIABILITY,1507.0,2026-03-24 22:56:18.773401+00:00,2026-03-24 22:56:18.773406+00:00
1510,33,TDS Payable,LIABILITY,1507.0,2026-03-24 22:56:18.775561+00:00,2026-03-24 22:56:18.775565+00:00
1511,33,VAT Payable,LIABILITY,1507.0,2026-03-24 22:56:18.776925+00:00,2026-03-24 22:56:18.776928+00:00
1512,33,GST Payable,LIABILITY,1507.0,2026-03-24 22:56:18.778251+00:00,2026-03-24 22:56:18.778255+00:00
1513,33,Payroll Payables,LIABILITY,1507.0,2026-03-24 22:56:18.779688+00:00,2026-03-24 22:56:18.779695+00:00
1514,33,Expenses Payable,LIABILITY,1507.0,2026-03-24 22:56:18.781337+00:00,2026-03-24 22:56:18.781342+00:00
1515,33,Advances from Customers,LIABILITY,1507.0,2026-03-24 22:56:18.782932+00:00,2026-03-24 22:56:18.782935+00:00
1516,33,Long Term Liabilities,LIABILITY,1506.0,2026-03-24 22:56:18.784336+00:00,2026-03-24 22:56:18.784339+00:00
1517,33,Secured Loans,LIABILITY,1516.0,2026-03-24 22:56:18.787171+00:00,2026-03-24 22:56:18.787176+00:00
1518,33,Unsecured Loans,LIABILITY,1516.0,2026-03-24 22:56:18.790093+00:00,2026-03-24 22:56:18.790102+00:00
1519,33,Owner’s Equity,LIABILITY,1506.0,2026-03-24 22:56:18.792127+00:00,2026-03-24 22:56:18.792131+00:00
1520,33,Capital Account,LIABILITY,1519.0,2026-03-24 22:56:18.793558+00:00,2026-03-24 22:56:18.793561+00:00
1521,33,Drawings,LIABILITY,1519.0,2026-03-24 22:56:18.794958+00:00,2026-03-24 22:56:18.794962+00:00
1522,33,Retained Earnings / Reserves & Surplus,LIABILITY,1519.0,2026-03-24 22:56:18.796998+00:00,2026-03-24 22:56:18.797002+00:00
1523,33,Income,INCOME,,2026-03-24 22:56:18.798477+00:00,2026-03-24 22:56:18.798480+00:00
1524,33,Sales Accounts,INCOME,1523.0,2026-03-24 22:56:18.799783+00:00,2026-03-24 22:56:18.799786+00:00
1525,33,Indirect Income,INCOME,1523.0,2026-03-24 22:56:18.801669+00:00,2026-03-24 22:56:18.801674+00:00
1526,33,Direct Income,INCOME,1523.0,2026-03-24 22:56:18.803402+00:00,2026-03-24 22:56:18.803407+00:00
1527,33,Discount Received,INCOME,1523.0,2026-03-24 22:56:18.805761+00:00,2026-03-24 22:56:18.805766+00:00
1528,33,Commission Received,INCOME,1523.0,2026-03-24 22:56:18.807230+00:00,2026-03-24 22:56:18.807234+00:00
1529,33,Expenses,EXPENSE,,2026-03-24 22:56:18.808562+00:00,2026-03-24 22:56:18.808566+00:00
1530,33,Direct Expenses,EXPENSE,1529.0,2026-03-24 22:56:18.809980+00:00,2026-03-24 22:56:18.809984+00:00
1531,33,Purchase Accounts,EXPENSE,1530.0,2026-03-24 22:56:18.811516+00:00,2026-03-24 22:56:18.811520+00:00
1532,33,Freight / Carriage Inwards,EXPENSE,1530.0,2026-03-24 22:56:18.812985+00:00,2026-03-24 22:56:18.812988+00:00
1533,33,Import Duty,EXPENSE,1530.0,2026-03-24 22:56:18.814423+00:00,2026-03-24 22:56:18.814426+00:00
1534,33,Manufacturing Expenses,EXPENSE,1530.0,2026-03-24 22:56:18.816243+00:00,2026-03-24 22:56:18.816247+00:00
1535,33,Indirect Expenses,EXPENSE,1529.0,2026-03-24 22:56:18.818080+00:00,2026-03-24 22:56:18.818085+00:00
1536,33,Salary Expense,EXPENSE,1535.0,2026-03-24 22:56:18.819572+00:00,2026-03-24 22:56:18.819576+00:00
1537,33,Office Rent,EXPENSE,1535.0,2026-03-24 22:56:18.821204+00:00,2026-03-24 22:56:18.821209+00:00
1538,33,Utilities,EXPENSE,1535.0,2026-03-24 22:56:18.823391+00:00,2026-03-24 22:56:18.823400+00:00
1539,33,Repair & Maintenance,EXPENSE,1535.0,2026-03-24 22:56:18.825142+00:00,2026-03-24 22:56:18.825146+00:00
1540,33,Fuel Expenses,EXPENSE,1535.0,2026-03-24 22:56:18.826648+00:00,2026-03-24 22:56:18.826652+00:00
1541,33,Travel Expenses,EXPENSE,1535.0,2026-03-24 22:56:18.828038+00:00,2026-03-24 22:56:18.828041+00:00
1542,33,Advertising Expenses,EXPENSE,1535.0,2026-03-24 22:56:18.829536+00:00,2026-03-24 22:56:18.829540+00:00
1543,33,Telephone/Internet Expense,EXPENSE,1535.0,2026-03-24 22:56:18.831083+00:00,2026-03-24 22:56:18.831087+00:00
1544,33,Miscellaneous Expenses,EXPENSE,1535.0,2026-03-24 22:56:18.832569+00:00,2026-03-24 22:56:18.832573+00:00
1545,33,Discount Allowed,EXPENSE,1535.0,2026-03-24 22:56:18.834191+00:00,2026-03-24 22:56:18.834197+00:00
1546,33,Commission Paid,EXPENSE,1535.0,2026-03-24 22:56:18.836883+00:00,2026-03-24 22:56:18.836887+00:00
1549,40,Assets,ASSET,,2026-03-28 11:44:02.567902+00:00,2026-03-28 11:44:02.567907+00:00
1550,40,Current Assets,ASSET,1549.0,2026-03-28 11:44:02.597109+00:00,2026-03-28 11:44:02.597116+00:00
1551,40,Cash-in-Hand,ASSET,1550.0,2026-03-28 11:44:02.600024+00:00,2026-03-28 11:44:02.600032+00:00
1552,40,Bank Accounts,ASSET,1550.0,2026-03-28 11:44:02.603119+00:00,2026-03-28 11:44:02.603126+00:00
1553,40,Sundry Debtors,ASSET,1550.0,2026-03-28 11:44:02.605424+00:00,2026-03-28 11:44:02.605432+00:00
1554,40,Loans & Advances (Assets),ASSET,1550.0,2026-03-28 11:44:02.608093+00:00,2026-03-28 11:44:02.608098+00:00
1555,40,Deposits (Assets),ASSET,1550.0,2026-03-28 11:44:02.613367+00:00,2026-03-28 11:44:02.613383+00:00
1556,40,Stock-in-Hand,ASSET,1550.0,2026-03-28 11:44:02.616883+00:00,2026-03-28 11:44:02.616888+00:00
1557,40,Prepaid Expenses,ASSET,1550.0,2026-03-28 11:44:02.619381+00:00,2026-03-28 11:44:02.619387+00:00
1558,40,Input Tax Credits,ASSET,1550.0,2026-03-28 11:44:02.621779+00:00,2026-03-28 11:44:02.621786+00:00
1559,40,TDS Receivable,ASSET,1550.0,2026-03-28 11:44:02.623922+00:00,2026-03-28 11:44:02.623927+00:00
1560,40,VAT Receivable,ASSET,1550.0,2026-03-28 11:44:02.625792+00:00,2026-03-28 11:44:02.625805+00:00
1561,40,Fixed Assets,ASSET,1549.0,2026-03-28 11:44:02.631237+00:00,2026-03-28 11:44:02.631243+00:00
1562,40,Furniture & Fixtures,ASSET,1561.0,2026-03-28 11:44:02.633552+00:00,2026-03-28 11:44:02.633557+00:00
1563,40,Plant & Machinery,ASSET,1561.0,2026-03-28 11:44:02.636058+00:00,2026-03-28 11:44:02.636063+00:00
1564,40,Computers,ASSET,1561.0,2026-03-28 11:44:02.638435+00:00,2026-03-28 11:44:02.638440+00:00
1565,40,Office Equipment,ASSET,1561.0,2026-03-28 11:44:02.640249+00:00,2026-03-28 11:44:02.640253+00:00
1566,40,Land & Building,ASSET,1561.0,2026-03-28 11:44:02.641889+00:00,2026-03-28 11:44:02.641894+00:00
1567,40,Vehicles,ASSET,1561.0,2026-03-28 11:44:02.646474+00:00,2026-03-28 11:44:02.646486+00:00
1568,40,Accumulated Depreciation,ASSET,1561.0,2026-03-28 11:44:02.649481+00:00,2026-03-28 11:44:02.649489+00:00
1569,40,Liabilities,LIABILITY,,2026-03-28 11:44:02.652084+00:00,2026-03-28 11:44:02.652090+00:00
1570,40,Current Liabilities,LIABILITY,1569.0,2026-03-28 11:44:02.654758+00:00,2026-03-28 11:44:02.654766+00:00
1571,40,Sundry Creditors,LIABILITY,1570.0,2026-03-28 11:44:02.656622+00:00,2026-03-28 11:44:02.656627+00:00
1572,40,Duties & Taxes,LIABILITY,1570.0,2026-03-28 11:44:02.658338+00:00,2026-03-28 11:44:02.658343+00:00
1573,40,TDS Payable,LIABILITY,1570.0,2026-03-28 11:44:02.663728+00:00,2026-03-28 11:44:02.663738+00:00
1574,40,VAT Payable,LIABILITY,1570.0,2026-03-28 11:44:02.666035+00:00,2026-03-28 11:44:02.666040+00:00
1575,40,GST Payable,LIABILITY,1570.0,2026-03-28 11:44:02.669085+00:00,2026-03-28 11:44:02.669091+00:00
1576,40,Payroll Payables,LIABILITY,1570.0,2026-03-28 11:44:02.671253+00:00,2026-03-28 11:44:02.671257+00:00
1577,40,Expenses Payable,LIABILITY,1570.0,2026-03-28 11:44:02.673075+00:00,2026-03-28 11:44:02.673080+00:00
1578,40,Advances from Customers,LIABILITY,1570.0,2026-03-28 11:44:02.674888+00:00,2026-03-28 11:44:02.674895+00:00
1579,40,Long Term Liabilities,LIABILITY,1569.0,2026-03-28 11:44:02.680573+00:00,2026-03-28 11:44:02.680579+00:00
1580,40,Secured Loans,LIABILITY,1579.0,2026-03-28 11:44:02.683572+00:00,2026-03-28 11:44:02.683578+00:00
1581,40,Unsecured Loans,LIABILITY,1579.0,2026-03-28 11:44:02.686039+00:00,2026-03-28 11:44:02.686044+00:00
1582,40,Owner’s Equity,LIABILITY,1569.0,2026-03-28 11:44:02.689987+00:00,2026-03-28 11:44:02.689994+00:00
1583,40,Capital Account,LIABILITY,1582.0,2026-03-28 11:44:02.691994+00:00,2026-03-28 11:44:02.691998+00:00
1584,40,Drawings,LIABILITY,1582.0,2026-03-28 11:44:02.697399+00:00,2026-03-28 11:44:02.697406+00:00
1585,40,Retained Earnings / Reserves & Surplus,LIABILITY,1582.0,2026-03-28 11:44:02.700263+00:00,2026-03-28 11:44:02.700269+00:00
1586,40,Income,INCOME,,2026-03-28 11:44:02.702827+00:00,2026-03-28 11:44:02.702833+00:00
1587,40,Sales Accounts,INCOME,1586.0,2026-03-28 11:44:02.704932+00:00,2026-03-28 11:44:02.704936+00:00
1588,40,Indirect Income,INCOME,1586.0,2026-03-28 11:44:02.706751+00:00,2026-03-28 11:44:02.706755+00:00
1589,40,Direct Income,INCOME,1586.0,2026-03-28 11:44:02.708552+00:00,2026-03-28 11:44:02.708559+00:00
1590,40,Discount Received,INCOME,1586.0,2026-03-28 11:44:02.713467+00:00,2026-03-28 11:44:02.713488+00:00
1591,40,Commission Received,INCOME,1586.0,2026-03-28 11:44:02.717405+00:00,2026-03-28 11:44:02.717410+00:00
1592,40,Expenses,EXPENSE,,2026-03-28 11:44:02.721704+00:00,2026-03-28 11:44:02.721710+00:00
1593,40,Direct Expenses,EXPENSE,1592.0,2026-03-28 11:44:02.723744+00:00,2026-03-28 11:44:02.723749+00:00
1594,40,Purchase Accounts,EXPENSE,1593.0,2026-03-28 11:44:02.725561+00:00,2026-03-28 11:44:02.725568+00:00
1595,40,Freight / Carriage Inwards,EXPENSE,1593.0,2026-03-28 11:44:02.731336+00:00,2026-03-28 11:44:02.731342+00:00
1596,40,Import Duty,EXPENSE,1593.0,2026-03-28 11:44:02.733794+00:00,2026-03-28 11:44:02.733799+00:00
1597,40,Manufacturing Expenses,EXPENSE,1593.0,2026-03-28 11:44:02.736620+00:00,2026-03-28 11:44:02.736625+00:00
1598,40,Indirect Expenses,EXPENSE,1592.0,2026-03-28 11:44:02.738640+00:00,2026-03-28 11:44:02.738645+00:00
1599,40,Salary Expense,EXPENSE,1598.0,2026-03-28 11:44:02.740338+00:00,2026-03-28 11:44:02.740342+00:00
1600,40,Office Rent,EXPENSE,1598.0,2026-03-28 11:44:02.743184+00:00,2026-03-28 11:44:02.743202+00:00
1601,40,Utilities,EXPENSE,1598.0,2026-03-28 11:44:02.748047+00:00,2026-03-28 11:44:02.748053+00:00
1602,40,Repair & Maintenance,EXPENSE,1598.0,2026-03-28 11:44:02.750715+00:00,2026-03-28 11:44:02.750720+00:00
1603,40,Fuel Expenses,EXPENSE,1598.0,2026-03-28 11:44:02.753203+00:00,2026-03-28 11:44:02.753208+00:00
1604,40,Travel Expenses,EXPENSE,1598.0,2026-03-28 11:44:02.755402+00:00,2026-03-28 11:44:02.755407+00:00
1605,40,Advertising Expenses,EXPENSE,1598.0,2026-03-28 11:44:02.757416+00:00,2026-03-28 11:44:02.757421+00:00
1606,40,Telephone/Internet Expense,EXPENSE,1598.0,2026-03-28 11:44:02.760172+00:00,2026-03-28 11:44:02.760181+00:00
1607,40,Miscellaneous Expenses,EXPENSE,1598.0,2026-03-28 11:44:02.766607+00:00,2026-03-28 11:44:02.766613+00:00
1608,40,Discount Allowed,EXPENSE,1598.0,2026-03-28 11:44:02.771008+00:00,2026-03-28 11:44:02.771017+00:00
1609,40,Commission Paid,EXPENSE,1598.0,2026-03-28 11:44:02.773702+00:00,2026-03-28 11:44:02.773707+00:00
1615,21,Sales,INCOME,,2026-04-04 20:53:38.626067+00:00,2026-04-04 20:53:38.626072+00:00
1616,46,Assets,ASSET,,2026-04-12 05:10:46.361826+00:00,2026-04-12 05:10:46.361835+00:00
1617,46,Current Assets,ASSET,1616.0,2026-04-12 05:10:46.387111+00:00,2026-04-12 05:10:46.387116+00:00
1618,46,Cash-in-Hand,ASSET,1617.0,2026-04-12 05:10:46.391997+00:00,2026-04-12 05:10:46.392005+00:00
1619,46,Bank Accounts,ASSET,1617.0,2026-04-12 05:10:46.395811+00:00,2026-04-12 05:10:46.395816+00:00
1620,46,Sundry Debtors,ASSET,1617.0,2026-04-12 05:10:46.399851+00:00,2026-04-12 05:10:46.399859+00:00
1621,46,Loans & Advances (Assets),ASSET,1617.0,2026-04-12 05:10:46.403467+00:00,2026-04-12 05:10:46.403474+00:00
1622,46,Deposits (Assets),ASSET,1617.0,2026-04-12 05:10:46.406667+00:00,2026-04-12 05:10:46.406674+00:00
1623,46,Stock-in-Hand,ASSET,1617.0,2026-04-12 05:10:46.411309+00:00,2026-04-12 05:10:46.411317+00:00
1624,46,Prepaid Expenses,ASSET,1617.0,2026-04-12 05:10:46.416500+00:00,2026-04-12 05:10:46.416507+00:00
1625,46,Input Tax Credits,ASSET,1617.0,2026-04-12 05:10:46.420252+00:00,2026-04-12 05:10:46.420260+00:00
1626,46,TDS Receivable,ASSET,1617.0,2026-04-12 05:10:46.423032+00:00,2026-04-12 05:10:46.423039+00:00
1627,46,VAT Receivable,ASSET,1617.0,2026-04-12 05:10:46.427083+00:00,2026-04-12 05:10:46.427088+00:00
1628,46,Fixed Assets,ASSET,1616.0,2026-04-12 05:10:46.430107+00:00,2026-04-12 05:10:46.430115+00:00
1629,46,Furniture & Fixtures,ASSET,1628.0,2026-04-12 05:10:46.434642+00:00,2026-04-12 05:10:46.434648+00:00
1630,46,Plant & Machinery,ASSET,1628.0,2026-04-12 05:10:46.436509+00:00,2026-04-12 05:10:46.436514+00:00
1631,46,Computers,ASSET,1628.0,2026-04-12 05:10:46.438168+00:00,2026-04-12 05:10:46.438172+00:00
1632,46,Office Equipment,ASSET,1628.0,2026-04-12 05:10:46.439983+00:00,2026-04-12 05:10:46.439990+00:00
1633,46,Land & Building,ASSET,1628.0,2026-04-12 05:10:46.443995+00:00,2026-04-12 05:10:46.444001+00:00
1634,46,Vehicles,ASSET,1628.0,2026-04-12 05:10:46.449253+00:00,2026-04-12 05:10:46.449262+00:00
1635,46,Accumulated Depreciation,ASSET,1628.0,2026-04-12 05:10:46.452254+00:00,2026-04-12 05:10:46.452261+00:00
1636,46,Liabilities,LIABILITY,,2026-04-12 05:10:46.454634+00:00,2026-04-12 05:10:46.454641+00:00
1637,46,Current Liabilities,LIABILITY,1636.0,2026-04-12 05:10:46.456955+00:00,2026-04-12 05:10:46.456960+00:00
1638,46,Sundry Creditors,LIABILITY,1637.0,2026-04-12 05:10:46.461208+00:00,2026-04-12 05:10:46.461369+00:00
1639,46,Duties & Taxes,LIABILITY,1637.0,2026-04-12 05:10:46.466215+00:00,2026-04-12 05:10:46.466221+00:00
1640,46,TDS Payable,LIABILITY,1637.0,2026-04-12 05:10:46.468339+00:00,2026-04-12 05:10:46.468344+00:00
1641,46,VAT Payable,LIABILITY,1637.0,2026-04-12 05:10:46.470230+00:00,2026-04-12 05:10:46.470235+00:00
1642,46,GST Payable,LIABILITY,1637.0,2026-04-12 05:10:46.472255+00:00,2026-04-12 05:10:46.472262+00:00
1643,46,Payroll Payables,LIABILITY,1637.0,2026-04-12 05:10:46.475770+00:00,2026-04-12 05:10:46.475777+00:00
1644,46,Expenses Payable,LIABILITY,1637.0,2026-04-12 05:10:46.479032+00:00,2026-04-12 05:10:46.479043+00:00
1645,46,Advances from Customers,LIABILITY,1637.0,2026-04-12 05:10:46.482854+00:00,2026-04-12 05:10:46.482859+00:00
1646,46,Long Term Liabilities,LIABILITY,1636.0,2026-04-12 05:10:46.485107+00:00,2026-04-12 05:10:46.485112+00:00
1647,46,Secured Loans,LIABILITY,1646.0,2026-04-12 05:10:46.486866+00:00,2026-04-12 05:10:46.486871+00:00
1648,46,Unsecured Loans,LIABILITY,1646.0,2026-04-12 05:10:46.488715+00:00,2026-04-12 05:10:46.488725+00:00
1649,46,Owner’s Equity,LIABILITY,1636.0,2026-04-12 05:10:46.496868+00:00,2026-04-12 05:10:46.496879+00:00
1650,46,Capital Account,LIABILITY,1649.0,2026-04-12 05:10:46.499841+00:00,2026-04-12 05:10:46.499847+00:00
1651,46,Drawings,LIABILITY,1649.0,2026-04-12 05:10:46.502007+00:00,2026-04-12 05:10:46.502012+00:00
1652,46,Retained Earnings / Reserves & Surplus,LIABILITY,1649.0,2026-04-12 05:10:46.503653+00:00,2026-04-12 05:10:46.503657+00:00
1653,46,Income,INCOME,,2026-04-12 05:10:46.505538+00:00,2026-04-12 05:10:46.505546+00:00
1654,46,Sales Accounts,INCOME,1653.0,2026-04-12 05:10:46.509008+00:00,2026-04-12 05:10:46.509013+00:00
1655,46,Indirect Income,INCOME,1653.0,2026-04-12 05:10:46.511954+00:00,2026-04-12 05:10:46.511962+00:00
1656,46,Direct Income,INCOME,1653.0,2026-04-12 05:10:46.515727+00:00,2026-04-12 05:10:46.515732+00:00
1657,46,Discount Received,INCOME,1653.0,2026-04-12 05:10:46.517852+00:00,2026-04-12 05:10:46.517859+00:00
1658,46,Commission Received,INCOME,1653.0,2026-04-12 05:10:46.519601+00:00,2026-04-12 05:10:46.519606+00:00
1659,46,Expenses,EXPENSE,,2026-04-12 05:10:46.521371+00:00,2026-04-12 05:10:46.521377+00:00
1660,46,Direct Expenses,EXPENSE,1659.0,2026-04-12 05:10:46.524723+00:00,2026-04-12 05:10:46.524734+00:00
1661,46,Purchase Accounts,EXPENSE,1660.0,2026-04-12 05:10:46.528875+00:00,2026-04-12 05:10:46.528881+00:00
1662,46,Freight / Carriage Inwards,EXPENSE,1660.0,2026-04-12 05:10:46.531932+00:00,2026-04-12 05:10:46.531937+00:00
1663,46,Import Duty,EXPENSE,1660.0,2026-04-12 05:10:46.534075+00:00,2026-04-12 05:10:46.534079+00:00
1664,46,Manufacturing Expenses,EXPENSE,1660.0,2026-04-12 05:10:46.535884+00:00,2026-04-12 05:10:46.535890+00:00
1665,46,Indirect Expenses,EXPENSE,1659.0,2026-04-12 05:10:46.538390+00:00,2026-04-12 05:10:46.538395+00:00
1666,46,Salary Expense,EXPENSE,1665.0,2026-04-12 05:10:46.541561+00:00,2026-04-12 05:10:46.541572+00:00
1667,46,Office Rent,EXPENSE,1665.0,2026-04-12 05:10:46.545692+00:00,2026-04-12 05:10:46.545697+00:00
1668,46,Utilities,EXPENSE,1665.0,2026-04-12 05:10:46.548311+00:00,2026-04-12 05:10:46.548316+00:00
1669,46,Repair & Maintenance,EXPENSE,1665.0,2026-04-12 05:10:46.550397+00:00,2026-04-12 05:10:46.550401+00:00
1670,46,Fuel Expenses,EXPENSE,1665.0,2026-04-12 05:10:46.553075+00:00,2026-04-12 05:10:46.553082+00:00
1671,46,Travel Expenses,EXPENSE,1665.0,2026-04-12 05:10:46.556177+00:00,2026-04-12 05:10:46.556184+00:00
1672,46,Advertising Expenses,EXPENSE,1665.0,2026-04-12 05:10:46.560878+00:00,2026-04-12 05:10:46.560887+00:00
1673,46,Telephone/Internet Expense,EXPENSE,1665.0,2026-04-12 05:10:46.564598+00:00,2026-04-12 05:10:46.564607+00:00
1674,46,Miscellaneous Expenses,EXPENSE,1665.0,2026-04-12 05:10:46.567586+00:00,2026-04-12 05:10:46.567593+00:00
1675,46,Discount Allowed,EXPENSE,1665.0,2026-04-12 05:10:46.570137+00:00,2026-04-12 05:10:46.570144+00:00
1676,46,Commission Paid,EXPENSE,1665.0,2026-04-12 05:10:46.572174+00:00,2026-04-12 05:10:46.572179+00:00
1677,47,Assets,ASSET,,2026-04-13 04:32:28.807423+00:00,2026-04-13 04:32:28.807429+00:00
1678,47,Current Assets,ASSET,1677.0,2026-04-13 04:32:28.821884+00:00,2026-04-13 04:32:28.821889+00:00
1679,47,Cash-in-Hand,ASSET,1678.0,2026-04-13 04:32:28.824301+00:00,2026-04-13 04:32:28.824306+00:00
1680,47,Bank Accounts,ASSET,1678.0,2026-04-13 04:32:28.826945+00:00,2026-04-13 04:32:28.826953+00:00
1681,47,Sundry Debtors,ASSET,1678.0,2026-04-13 04:32:28.829646+00:00,2026-04-13 04:32:28.829653+00:00
1682,47,Loans & Advances (Assets),ASSET,1678.0,2026-04-13 04:32:28.831940+00:00,2026-04-13 04:32:28.831947+00:00
1683,47,Deposits (Assets),ASSET,1678.0,2026-04-13 04:32:28.834158+00:00,2026-04-13 04:32:28.834165+00:00
1684,47,Stock-in-Hand,ASSET,1678.0,2026-04-13 04:32:28.836648+00:00,2026-04-13 04:32:28.836653+00:00
1685,47,Prepaid Expenses,ASSET,1678.0,2026-04-13 04:32:28.839025+00:00,2026-04-13 04:32:28.839030+00:00
1686,47,Input Tax Credits,ASSET,1678.0,2026-04-13 04:32:28.840845+00:00,2026-04-13 04:32:28.840849+00:00
1687,47,TDS Receivable,ASSET,1678.0,2026-04-13 04:32:28.842644+00:00,2026-04-13 04:32:28.842653+00:00
1688,47,VAT Receivable,ASSET,1678.0,2026-04-13 04:32:28.844638+00:00,2026-04-13 04:32:28.844642+00:00
1689,47,Fixed Assets,ASSET,1677.0,2026-04-13 04:32:28.846989+00:00,2026-04-13 04:32:28.846997+00:00
1690,47,Furniture & Fixtures,ASSET,1689.0,2026-04-13 04:32:28.849426+00:00,2026-04-13 04:32:28.849431+00:00
1691,47,Plant & Machinery,ASSET,1689.0,2026-04-13 04:32:28.851890+00:00,2026-04-13 04:32:28.851894+00:00
1692,47,Computers,ASSET,1689.0,2026-04-13 04:32:28.855697+00:00,2026-04-13 04:32:28.855705+00:00
1693,47,Office Equipment,ASSET,1689.0,2026-04-13 04:32:28.858057+00:00,2026-04-13 04:32:28.858064+00:00
1694,47,Land & Building,ASSET,1689.0,2026-04-13 04:32:28.861365+00:00,2026-04-13 04:32:28.861371+00:00
1695,47,Vehicles,ASSET,1689.0,2026-04-13 04:32:28.863649+00:00,2026-04-13 04:32:28.863655+00:00
1696,47,Accumulated Depreciation,ASSET,1689.0,2026-04-13 04:32:28.865822+00:00,2026-04-13 04:32:28.865828+00:00
1697,47,Liabilities,LIABILITY,,2026-04-13 04:32:28.867952+00:00,2026-04-13 04:32:28.867961+00:00
1698,47,Current Liabilities,LIABILITY,1697.0,2026-04-13 04:32:28.870686+00:00,2026-04-13 04:32:28.870692+00:00
1699,47,Sundry Creditors,LIABILITY,1698.0,2026-04-13 04:32:28.872961+00:00,2026-04-13 04:32:28.872968+00:00
1700,47,Duties & Taxes,LIABILITY,1698.0,2026-04-13 04:32:28.875443+00:00,2026-04-13 04:32:28.875447+00:00
1701,47,TDS Payable,LIABILITY,1698.0,2026-04-13 04:32:28.877934+00:00,2026-04-13 04:32:28.877942+00:00
1702,47,VAT Payable,LIABILITY,1698.0,2026-04-13 04:32:28.880938+00:00,2026-04-13 04:32:28.880945+00:00
1703,47,GST Payable,LIABILITY,1698.0,2026-04-13 04:32:28.883860+00:00,2026-04-13 04:32:28.883864+00:00
1704,47,Payroll Payables,LIABILITY,1698.0,2026-04-13 04:32:28.886327+00:00,2026-04-13 04:32:28.886332+00:00
1705,47,Expenses Payable,LIABILITY,1698.0,2026-04-13 04:32:28.888831+00:00,2026-04-13 04:32:28.888836+00:00
1706,47,Advances from Customers,LIABILITY,1698.0,2026-04-13 04:32:28.891731+00:00,2026-04-13 04:32:28.891736+00:00
1707,47,Long Term Liabilities,LIABILITY,1697.0,2026-04-13 04:32:28.894096+00:00,2026-04-13 04:32:28.894102+00:00
1708,47,Secured Loans,LIABILITY,1707.0,2026-04-13 04:32:28.896263+00:00,2026-04-13 04:32:28.896269+00:00
1709,47,Unsecured Loans,LIABILITY,1707.0,2026-04-13 04:32:28.898408+00:00,2026-04-13 04:32:28.898414+00:00
1710,47,Owner’s Equity,LIABILITY,1697.0,2026-04-13 04:32:28.902098+00:00,2026-04-13 04:32:28.902109+00:00
1711,47,Capital Account,LIABILITY,1710.0,2026-04-13 04:32:28.904068+00:00,2026-04-13 04:32:28.904073+00:00
1712,47,Drawings,LIABILITY,1710.0,2026-04-13 04:32:28.906054+00:00,2026-04-13 04:32:28.906058+00:00
1713,47,Retained Earnings / Reserves & Surplus,LIABILITY,1710.0,2026-04-13 04:32:28.908594+00:00,2026-04-13 04:32:28.908599+00:00
1714,47,Income,INCOME,,2026-04-13 04:32:28.910487+00:00,2026-04-13 04:32:28.910491+00:00
1715,47,Sales Accounts,INCOME,1714.0,2026-04-13 04:32:28.913244+00:00,2026-04-13 04:32:28.913249+00:00
1716,47,Indirect Income,INCOME,1714.0,2026-04-13 04:32:28.915648+00:00,2026-04-13 04:32:28.915652+00:00
1717,47,Direct Income,INCOME,1714.0,2026-04-13 04:32:28.918063+00:00,2026-04-13 04:32:28.918084+00:00
1718,47,Discount Received,INCOME,1714.0,2026-04-13 04:32:28.920305+00:00,2026-04-13 04:32:28.920314+00:00
1719,47,Commission Received,INCOME,1714.0,2026-04-13 04:32:28.922738+00:00,2026-04-13 04:32:28.922745+00:00
1720,47,Expenses,EXPENSE,,2026-04-13 04:32:28.925372+00:00,2026-04-13 04:32:28.925377+00:00
1721,47,Direct Expenses,EXPENSE,1720.0,2026-04-13 04:32:28.927642+00:00,2026-04-13 04:32:28.927648+00:00
1722,47,Purchase Accounts,EXPENSE,1721.0,2026-04-13 04:32:28.929834+00:00,2026-04-13 04:32:28.929840+00:00
1723,47,Freight / Carriage Inwards,EXPENSE,1721.0,2026-04-13 04:32:28.931922+00:00,2026-04-13 04:32:28.931928+00:00
1724,47,Import Duty,EXPENSE,1721.0,2026-04-13 04:32:28.934260+00:00,2026-04-13 04:32:28.934265+00:00
1725,47,Manufacturing Expenses,EXPENSE,1721.0,2026-04-13 04:32:28.936618+00:00,2026-04-13 04:32:28.936623+00:00
1726,47,Indirect Expenses,EXPENSE,1720.0,2026-04-13 04:32:28.938419+00:00,2026-04-13 04:32:28.938423+00:00
1727,47,Salary Expense,EXPENSE,1726.0,2026-04-13 04:32:28.940128+00:00,2026-04-13 04:32:28.940132+00:00
1728,47,Office Rent,EXPENSE,1726.0,2026-04-13 04:32:28.941816+00:00,2026-04-13 04:32:28.941821+00:00
1729,47,Utilities,EXPENSE,1726.0,2026-04-13 04:32:28.943822+00:00,2026-04-13 04:32:28.943829+00:00
1730,47,Repair & Maintenance,EXPENSE,1726.0,2026-04-13 04:32:28.946377+00:00,2026-04-13 04:32:28.946382+00:00
1731,47,Fuel Expenses,EXPENSE,1726.0,2026-04-13 04:32:28.948874+00:00,2026-04-13 04:32:28.948879+00:00
1732,47,Travel Expenses,EXPENSE,1726.0,2026-04-13 04:32:28.952408+00:00,2026-04-13 04:32:28.952415+00:00
1733,47,Advertising Expenses,EXPENSE,1726.0,2026-04-13 04:32:28.955011+00:00,2026-04-13 04:32:28.955018+00:00
1734,47,Telephone/Internet Expense,EXPENSE,1726.0,2026-04-13 04:32:28.957674+00:00,2026-04-13 04:32:28.957681+00:00
1735,47,Miscellaneous Expenses,EXPENSE,1726.0,2026-04-13 04:32:28.959942+00:00,2026-04-13 04:32:28.959949+00:00
1736,47,Discount Allowed,EXPENSE,1726.0,2026-04-13 04:32:28.962163+00:00,2026-04-13 04:32:28.962172+00:00
1737,47,Commission Paid,EXPENSE,1726.0,2026-04-13 04:32:28.964328+00:00,2026-04-13 04:32:28.964332+00:00
