id,company_id,group_id,name,code,opening_balance,opening_balance_type,is_active,created_at,updated_at
1,3,6,NIC Bank Account,,5000.0,DEBIT,True,2025-11-17 11:18:41.354901+00:00,2025-11-17 11:18:41.354904+00:00
3,6,20,Cash in hand,,0.0,DEBIT,True,2025-11-22 06:36:30.980555+00:00,2025-11-22 06:36:30.980559+00:00
4,6,21,Business owner,,0.0,DEBIT,True,2025-11-22 06:39:01.867619+00:00,2025-11-22 06:39:01.867622+00:00
23,19,140,Salary Expense,,0.0,DEBIT,True,2025-11-23 07:33:10.509664+00:00,2025-11-23 07:33:10.509665+00:00
24,19,141,Office Rent,,0.0,DEBIT,True,2025-11-23 07:33:10.509666+00:00,2025-11-23 07:33:10.509667+00:00
25,19,142,Electricity Expense,,0.0,DEBIT,True,2025-11-23 07:33:10.509668+00:00,2025-11-23 07:33:10.509669+00:00
26,19,147,Internet Expense,,0.0,DEBIT,True,2025-11-23 07:33:10.509670+00:00,2025-11-23 07:33:10.509671+00:00
27,19,145,Travel Expense,,0.0,DEBIT,True,2025-11-23 07:33:10.509672+00:00,2025-11-23 07:33:10.509673+00:00
28,19,139,Printing & Stationery,,0.0,DEBIT,True,2025-11-23 07:33:10.509674+00:00,2025-11-23 07:33:10.509675+00:00
29,19,143,Repair & Maintenance,,0.0,DEBIT,True,2025-11-23 07:33:10.509677+00:00,2025-11-23 07:33:10.509678+00:00
30,19,148,Miscellaneous Expense,,0.0,DEBIT,True,2025-11-23 07:33:10.509680+00:00,2025-11-23 07:33:10.509682+00:00
31,19,132,Commission Income,,0.0,CREDIT,True,2025-11-23 07:33:10.509683+00:00,2025-11-23 07:33:10.509685+00:00
32,19,129,Interest Income,,0.0,CREDIT,True,2025-11-23 07:33:10.509687+00:00,2025-11-23 07:33:10.509689+00:00
33,19,130,Service Income,,0.0,CREDIT,True,2025-11-23 07:33:10.509691+00:00,2025-11-23 07:33:10.509692+00:00
54,20,200,Salary Expense,,0.0,DEBIT,True,2025-11-23 08:11:41.830093+00:00,2025-11-23 08:11:41.830094+00:00
55,20,201,Office Rent,,0.0,DEBIT,True,2025-11-23 08:11:41.830095+00:00,2025-11-23 08:11:41.830096+00:00
56,20,202,Electricity Expense,,0.0,DEBIT,True,2025-11-23 08:11:41.830097+00:00,2025-11-23 08:11:41.830098+00:00
57,20,207,Internet Expense,,0.0,DEBIT,True,2025-11-23 08:11:41.830099+00:00,2025-11-23 08:11:41.830100+00:00
58,20,205,Travel Expense,,0.0,DEBIT,True,2025-11-23 08:11:41.830101+00:00,2025-11-23 08:11:41.830102+00:00
59,20,199,Printing & Stationery,,0.0,DEBIT,True,2025-11-23 08:11:41.830103+00:00,2025-11-23 08:11:41.830104+00:00
60,20,203,Repair & Maintenance,,0.0,DEBIT,True,2025-11-23 08:11:41.830106+00:00,2025-11-23 08:11:41.830107+00:00
61,20,208,Miscellaneous Expense,,0.0,DEBIT,True,2025-11-23 08:11:41.830108+00:00,2025-11-23 08:11:41.830109+00:00
62,20,192,Commission Income,,0.0,CREDIT,True,2025-11-23 08:11:41.830110+00:00,2025-11-23 08:11:41.830111+00:00
63,20,189,Interest Income,,0.0,CREDIT,True,2025-11-23 08:11:41.830112+00:00,2025-11-23 08:11:41.830113+00:00
64,20,190,Service Income,,0.0,CREDIT,True,2025-11-23 08:11:41.830114+00:00,2025-11-23 08:11:41.830115+00:00
71,6,220,Input Tax,,0.0,DEBIT,True,2025-11-23 08:14:49.053072+00:00,2025-11-23 08:14:49.053073+00:00
72,6,233,Output Tax,,0.0,CREDIT,True,2025-11-23 08:14:49.053074+00:00,2025-11-23 08:14:49.053075+00:00
73,6,233,Tax Payable,,0.0,CREDIT,True,2025-11-23 08:14:49.053076+00:00,2025-11-23 08:14:49.053077+00:00
74,6,220,Tax Receivable,,0.0,DEBIT,True,2025-11-23 08:14:49.053078+00:00,2025-11-23 08:14:49.053079+00:00
82,6,260,Salary Expense,,0.0,DEBIT,True,2025-11-23 08:14:49.053094+00:00,2025-11-23 08:14:49.053095+00:00
83,6,261,Office Rent,,0.0,DEBIT,True,2025-11-23 08:14:49.053096+00:00,2025-11-23 08:14:49.053097+00:00
84,6,262,Electricity Expense,,0.0,DEBIT,True,2025-11-23 08:14:49.053098+00:00,2025-11-23 08:14:49.053099+00:00
85,6,267,Internet Expense,,0.0,DEBIT,True,2025-11-23 08:14:49.053100+00:00,2025-11-23 08:14:49.053101+00:00
86,6,265,Travel Expense,,0.0,DEBIT,True,2025-11-23 08:14:49.053102+00:00,2025-11-23 08:14:49.053103+00:00
87,6,259,Printing & Stationery,,0.0,DEBIT,True,2025-11-23 08:14:49.053104+00:00,2025-11-23 08:14:49.053105+00:00
9,19,93,Cash,CASH,0.0,DEBIT,True,2025-11-23 07:33:10.509608+00:00,2025-12-14 13:30:41.652747+00:00
10,19,93,Petty Cash,PETTY_CASH,0.0,DEBIT,True,2025-11-23 07:33:10.509615+00:00,2025-12-14 13:30:41.652752+00:00
2,3,7,Cash,CASH,10000.0,DEBIT,True,2025-11-17 11:19:49.152604+00:00,2025-12-14 13:30:40.354445+00:00
68,6,213,Cash,CASH,0.0,DEBIT,True,2025-11-23 08:14:49.053063+00:00,2025-12-14 13:30:40.850408+00:00
11,19,94,Bank A/C (Placeholder),DEFAULT_BANK,0.0,DEBIT,True,2025-11-23 07:33:10.509619+00:00,2025-12-14 13:30:41.652755+00:00
12,19,100,Input Tax,INPUT_TAX,0.0,DEBIT,True,2025-11-23 07:33:10.509622+00:00,2025-12-14 13:30:41.652757+00:00
13,19,113,Output Tax,OUTPUT_TAX,0.0,CREDIT,True,2025-11-23 07:33:10.509639+00:00,2025-12-14 13:30:41.652759+00:00
14,19,113,Tax Payable,TAX_PAYABLE,0.0,CREDIT,True,2025-11-23 07:33:10.509643+00:00,2025-12-14 13:30:41.652761+00:00
15,19,100,Tax Receivable,TAX_RECEIVABLE,0.0,DEBIT,True,2025-11-23 07:33:10.509646+00:00,2025-12-14 13:30:41.652763+00:00
16,19,129,Service Charge,SERVICE_CHARGE,0.0,CREDIT,True,2025-11-23 07:33:10.509649+00:00,2025-12-14 13:30:41.652765+00:00
17,19,128,Sales (Goods/Service),SALES,0.0,CREDIT,True,2025-11-23 07:33:10.509652+00:00,2025-12-14 13:30:41.652767+00:00
37,20,153,Cash,CASH,0.0,DEBIT,True,2025-11-23 08:11:41.830043+00:00,2025-12-14 13:30:41.778255+00:00
38,20,153,Petty Cash,PETTY_CASH,0.0,DEBIT,True,2025-11-23 08:11:41.830048+00:00,2025-12-14 13:30:41.778261+00:00
39,20,154,Bank A/C (Placeholder),DEFAULT_BANK,0.0,DEBIT,True,2025-11-23 08:11:41.830051+00:00,2025-12-14 13:30:41.778264+00:00
40,20,160,Input VAT,INPUT_VAT,0.0,DEBIT,True,2025-11-23 08:11:41.830054+00:00,2025-12-14 13:30:41.778266+00:00
41,20,173,Output VAT,OUTPUT_VAT,0.0,CREDIT,True,2025-11-23 08:11:41.830058+00:00,2025-12-14 13:30:41.778269+00:00
42,20,175,VAT Payable,VAT_PAYABLE,0.0,CREDIT,True,2025-11-23 08:11:41.830061+00:00,2025-12-14 13:30:41.778271+00:00
43,20,162,VAT Receivable,VAT_RECEIVABLE,0.0,DEBIT,True,2025-11-23 08:11:41.830065+00:00,2025-12-14 13:30:41.778273+00:00
44,20,173,Duties & Taxes,DUTIES_TAXES,0.0,CREDIT,True,2025-11-23 08:11:41.830069+00:00,2025-12-14 13:30:41.778276+00:00
45,20,189,Service Charge,SERVICE_CHARGE,0.0,CREDIT,True,2025-11-23 08:11:41.830073+00:00,2025-12-14 13:30:41.778278+00:00
46,20,174,TDS Payable,TDS_PAYABLE,0.0,CREDIT,True,2025-11-23 08:11:41.830076+00:00,2025-12-14 13:30:41.778281+00:00
47,20,161,TDS Receivable,TDS_RECEIVABLE,0.0,DEBIT,True,2025-11-23 08:11:41.830078+00:00,2025-12-14 13:30:41.778283+00:00
48,20,188,Sales (Goods/Service),SALES,0.0,CREDIT,True,2025-11-23 08:11:41.830080+00:00,2025-12-14 13:30:41.778285+00:00
49,20,195,Purchase (Goods/Service),PURCHASES,0.0,DEBIT,True,2025-11-23 08:11:41.830082+00:00,2025-12-14 13:30:41.778287+00:00
50,20,188,Sales Return,SALES_RETURN,0.0,CREDIT,True,2025-11-23 08:11:41.830084+00:00,2025-12-14 13:30:41.778290+00:00
51,20,195,Purchase Return,PURCHASE_RETURN,0.0,DEBIT,True,2025-11-23 08:11:41.830086+00:00,2025-12-14 13:30:41.778292+00:00
52,20,209,Discount Allowed,DISCOUNT_ALLOWED,0.0,DEBIT,True,2025-11-23 08:11:41.830088+00:00,2025-12-14 13:30:41.778294+00:00
88,6,263,Repair & Maintenance,,0.0,DEBIT,True,2025-11-23 08:14:49.053106+00:00,2025-11-23 08:14:49.053107+00:00
89,6,268,Miscellaneous Expense,,0.0,DEBIT,True,2025-11-23 08:14:49.053108+00:00,2025-11-23 08:14:49.053109+00:00
90,6,252,Commission Income,,0.0,CREDIT,True,2025-11-23 08:14:49.053110+00:00,2025-11-23 08:14:49.053111+00:00
91,6,249,Interest Income,,0.0,CREDIT,True,2025-11-23 08:14:49.053112+00:00,2025-11-23 08:14:49.053115+00:00
92,6,250,Service Income,,0.0,CREDIT,True,2025-11-23 08:14:49.053116+00:00,2025-11-23 08:14:49.053117+00:00
588,6,215,Walk In Customer,,0.0,DEBIT,True,2026-02-13 08:47:16.705638+00:00,2026-02-13 08:47:16.705975+00:00
127,6,215,Customers,CUSTOMERS,0.0,DEBIT,True,2025-11-26 01:37:05.535663+00:00,2025-11-26 01:37:05.535667+00:00
128,6,232,Suppliers,SUPPLIERS,0.0,CREDIT,True,2025-11-26 01:37:05.535669+00:00,2025-11-26 01:37:05.535671+00:00
131,21,333,Cash,CASH,0.0,DEBIT,True,2025-11-27 10:48:24.242380+00:00,2025-11-27 10:48:24.242383+00:00
132,21,333,Petty Cash,PETTY_CASH,0.0,DEBIT,True,2025-11-27 10:48:24.242385+00:00,2025-11-27 10:48:24.242386+00:00
133,21,334,Bank A/C (Placeholder),DEFAULT_BANK,0.0,DEBIT,True,2025-11-27 10:48:24.242387+00:00,2025-11-27 10:48:24.242388+00:00
134,21,335,Customers,CUSTOMERS,0.0,DEBIT,True,2025-11-27 10:48:24.242390+00:00,2025-11-27 10:48:24.242391+00:00
135,21,352,Suppliers,SUPPLIERS,0.0,CREDIT,True,2025-11-27 10:48:24.242392+00:00,2025-11-27 10:48:24.242393+00:00
136,21,340,Input Tax,INPUT_TAX,0.0,DEBIT,True,2025-11-27 10:48:24.242394+00:00,2025-11-27 10:48:24.242395+00:00
137,21,353,Output Tax,OUTPUT_TAX,0.0,CREDIT,True,2025-11-27 10:48:24.242397+00:00,2025-11-27 10:48:24.242398+00:00
138,21,353,Tax Payable,TAX_PAYABLE,0.0,CREDIT,True,2025-11-27 10:48:24.242399+00:00,2025-11-27 10:48:24.242400+00:00
139,21,340,Tax Receivable,TAX_RECEIVABLE,0.0,DEBIT,True,2025-11-27 10:48:24.242401+00:00,2025-11-27 10:48:24.242403+00:00
140,21,369,Service Charge,SERVICE_CHARGE,0.0,CREDIT,True,2025-11-27 10:48:24.242404+00:00,2025-11-27 10:48:24.242405+00:00
141,21,368,Sales (Goods/Service),SALES,0.0,CREDIT,True,2025-11-27 10:48:24.242406+00:00,2025-11-27 10:48:24.242407+00:00
142,21,375,Purchase (Goods/Service),PURCHASES,0.0,DEBIT,True,2025-11-27 10:48:24.242408+00:00,2025-11-27 10:48:24.242410+00:00
143,21,368,Sales Return,SALES_RETURN,0.0,CREDIT,True,2025-11-27 10:48:24.242411+00:00,2025-11-27 10:48:24.242412+00:00
144,21,375,Purchase Return,PURCHASE_RETURN,0.0,DEBIT,True,2025-11-27 10:48:24.242413+00:00,2025-11-27 10:48:24.242414+00:00
145,21,389,Discount Allowed,DISCOUNT_ALLOWED,0.0,DEBIT,True,2025-11-27 10:48:24.242415+00:00,2025-11-27 10:48:24.242417+00:00
146,21,371,Discount Received,DISCOUNT_RECEIVED,0.0,CREDIT,True,2025-11-27 10:48:24.242418+00:00,2025-11-27 10:48:24.242419+00:00
147,21,380,Salary Expense,,0.0,DEBIT,True,2025-11-27 10:48:24.242420+00:00,2025-11-27 10:48:24.242421+00:00
148,21,381,Office Rent,,0.0,DEBIT,True,2025-11-27 10:48:24.242422+00:00,2025-11-27 10:48:24.242423+00:00
149,21,382,Electricity Expense,,0.0,DEBIT,True,2025-11-27 10:48:24.242425+00:00,2025-11-27 10:48:24.242426+00:00
150,21,387,Internet Expense,,0.0,DEBIT,True,2025-11-27 10:48:24.242428+00:00,2025-11-27 10:48:24.242429+00:00
151,21,385,Travel Expense,,0.0,DEBIT,True,2025-11-27 10:48:24.242431+00:00,2025-11-27 10:48:24.242432+00:00
152,21,379,Printing & Stationery,,0.0,DEBIT,True,2025-11-27 10:48:24.242435+00:00,2025-11-27 10:48:24.242436+00:00
153,21,383,Repair & Maintenance,,0.0,DEBIT,True,2025-11-27 10:48:24.242437+00:00,2025-11-27 10:48:24.242438+00:00
154,21,388,Miscellaneous Expense,,0.0,DEBIT,True,2025-11-27 10:48:24.242440+00:00,2025-11-27 10:48:24.242441+00:00
155,21,372,Commission Income,,0.0,CREDIT,True,2025-11-27 10:48:24.242443+00:00,2025-11-27 10:48:24.242444+00:00
156,21,369,Interest Income,,0.0,CREDIT,True,2025-11-27 10:48:24.242445+00:00,2025-11-27 10:48:24.242446+00:00
157,21,370,Service Income,,0.0,CREDIT,True,2025-11-27 10:48:24.242447+00:00,2025-11-27 10:48:24.242448+00:00
158,21,364,Capital Account,CAPITAL,0.0,CREDIT,True,2025-11-27 10:48:24.242449+00:00,2025-11-27 10:48:24.242450+00:00
159,21,365,Drawings,DRAWINGS,0.0,CREDIT,True,2025-11-27 10:48:24.242452+00:00,2025-11-27 10:48:24.242453+00:00
160,21,366,Retained Earnings,RETAINED_EARNINGS,0.0,CREDIT,True,2025-11-27 10:48:24.242454+00:00,2025-11-27 10:48:24.242455+00:00
161,22,393,Cash,CASH,0.0,DEBIT,True,2025-11-27 11:08:09.008680+00:00,2025-11-27 11:08:09.008685+00:00
162,22,393,Petty Cash,PETTY_CASH,0.0,DEBIT,True,2025-11-27 11:08:09.008687+00:00,2025-11-27 11:08:09.008689+00:00
163,22,394,Bank A/C (Placeholder),DEFAULT_BANK,0.0,DEBIT,True,2025-11-27 11:08:09.008691+00:00,2025-11-27 11:08:09.008694+00:00
164,22,395,Customers,CUSTOMERS,0.0,DEBIT,True,2025-11-27 11:08:09.008696+00:00,2025-11-27 11:08:09.008698+00:00
165,22,412,Suppliers,SUPPLIERS,0.0,CREDIT,True,2025-11-27 11:08:09.008700+00:00,2025-11-27 11:08:09.008702+00:00
166,22,400,Input Tax,INPUT_TAX,0.0,DEBIT,True,2025-11-27 11:08:09.008704+00:00,2025-11-27 11:08:09.008706+00:00
167,22,413,Output Tax,OUTPUT_TAX,0.0,CREDIT,True,2025-11-27 11:08:09.008708+00:00,2025-11-27 11:08:09.008710+00:00
168,22,413,Tax Payable,TAX_PAYABLE,0.0,CREDIT,True,2025-11-27 11:08:09.008716+00:00,2025-11-27 11:08:09.008718+00:00
169,22,400,Tax Receivable,TAX_RECEIVABLE,0.0,DEBIT,True,2025-11-27 11:08:09.008720+00:00,2025-11-27 11:08:09.008725+00:00
170,22,429,Service Charge,SERVICE_CHARGE,0.0,CREDIT,True,2025-11-27 11:08:09.008727+00:00,2025-11-27 11:08:09.008728+00:00
171,22,428,Sales (Goods/Service),SALES,0.0,CREDIT,True,2025-11-27 11:08:09.008730+00:00,2025-11-27 11:08:09.008732+00:00
172,22,435,Purchase (Goods/Service),PURCHASES,0.0,DEBIT,True,2025-11-27 11:08:09.008734+00:00,2025-11-27 11:08:09.008736+00:00
173,22,428,Sales Return,SALES_RETURN,0.0,CREDIT,True,2025-11-27 11:08:09.008738+00:00,2025-11-27 11:08:09.008740+00:00
174,22,435,Purchase Return,PURCHASE_RETURN,0.0,DEBIT,True,2025-11-27 11:08:09.008747+00:00,2025-11-27 11:08:09.008749+00:00
175,22,449,Discount Allowed,DISCOUNT_ALLOWED,0.0,DEBIT,True,2025-11-27 11:08:09.008751+00:00,2025-11-27 11:08:09.008753+00:00
176,22,431,Discount Received,DISCOUNT_RECEIVED,0.0,CREDIT,True,2025-11-27 11:08:09.008755+00:00,2025-11-27 11:08:09.008757+00:00
177,22,440,Salary Expense,,0.0,DEBIT,True,2025-11-27 11:08:09.008762+00:00,2025-11-27 11:08:09.008764+00:00
178,22,441,Office Rent,,0.0,DEBIT,True,2025-11-27 11:08:09.008766+00:00,2025-11-27 11:08:09.008768+00:00
179,22,442,Electricity Expense,,0.0,DEBIT,True,2025-11-27 11:08:09.008770+00:00,2025-11-27 11:08:09.008772+00:00
180,22,447,Internet Expense,,0.0,DEBIT,True,2025-11-27 11:08:09.008774+00:00,2025-11-27 11:08:09.008776+00:00
181,22,445,Travel Expense,,0.0,DEBIT,True,2025-11-27 11:08:09.008778+00:00,2025-11-27 11:08:09.008780+00:00
182,22,439,Printing & Stationery,,0.0,DEBIT,True,2025-11-27 11:08:09.008783+00:00,2025-11-27 11:08:09.008785+00:00
183,22,443,Repair & Maintenance,,0.0,DEBIT,True,2025-11-27 11:08:09.008787+00:00,2025-11-27 11:08:09.008789+00:00
184,22,448,Miscellaneous Expense,,0.0,DEBIT,True,2025-11-27 11:08:09.008791+00:00,2025-11-27 11:08:09.008793+00:00
185,22,432,Commission Income,,0.0,CREDIT,True,2025-11-27 11:08:09.008795+00:00,2025-11-27 11:08:09.008797+00:00
186,22,429,Interest Income,,0.0,CREDIT,True,2025-11-27 11:08:09.008799+00:00,2025-11-27 11:08:09.008801+00:00
187,22,430,Service Income,,0.0,CREDIT,True,2025-11-27 11:08:09.008803+00:00,2025-11-27 11:08:09.008805+00:00
188,22,424,Capital Account,CAPITAL,0.0,CREDIT,True,2025-11-27 11:08:09.008807+00:00,2025-11-27 11:08:09.008809+00:00
189,22,425,Drawings,DRAWINGS,0.0,CREDIT,True,2025-11-27 11:08:09.008811+00:00,2025-11-27 11:08:09.008813+00:00
190,22,426,Retained Earnings,RETAINED_EARNINGS,0.0,CREDIT,True,2025-11-27 11:08:09.008815+00:00,2025-11-27 11:08:09.008817+00:00
191,23,453,Cash,CASH,0.0,DEBIT,True,2025-11-27 11:12:50.419000+00:00,2025-11-27 11:12:50.419004+00:00
192,23,453,Petty Cash,PETTY_CASH,0.0,DEBIT,True,2025-11-27 11:12:50.419005+00:00,2025-11-27 11:12:50.419007+00:00
193,23,454,Bank A/C (Placeholder),DEFAULT_BANK,0.0,DEBIT,True,2025-11-27 11:12:50.419008+00:00,2025-11-27 11:12:50.419009+00:00
194,23,455,Customers,CUSTOMERS,0.0,DEBIT,True,2025-11-27 11:12:50.419010+00:00,2025-11-27 11:12:50.419011+00:00
195,23,472,Suppliers,SUPPLIERS,0.0,CREDIT,True,2025-11-27 11:12:50.419012+00:00,2025-11-27 11:12:50.419013+00:00
196,23,460,Input Tax,INPUT_TAX,0.0,DEBIT,True,2025-11-27 11:12:50.419014+00:00,2025-11-27 11:12:50.419015+00:00
197,23,473,Output Tax,OUTPUT_TAX,0.0,CREDIT,True,2025-11-27 11:12:50.419017+00:00,2025-11-27 11:12:50.419018+00:00
198,23,473,Tax Payable,TAX_PAYABLE,0.0,CREDIT,True,2025-11-27 11:12:50.419019+00:00,2025-11-27 11:12:50.419020+00:00
199,23,460,Tax Receivable,TAX_RECEIVABLE,0.0,DEBIT,True,2025-11-27 11:12:50.419022+00:00,2025-11-27 11:12:50.419023+00:00
200,23,489,Service Charge,SERVICE_CHARGE,0.0,CREDIT,True,2025-11-27 11:12:50.419024+00:00,2025-11-27 11:12:50.419025+00:00
201,23,488,Sales (Goods/Service),SALES,0.0,CREDIT,True,2025-11-27 11:12:50.419026+00:00,2025-11-27 11:12:50.419027+00:00
202,23,495,Purchase (Goods/Service),PURCHASES,0.0,DEBIT,True,2025-11-27 11:12:50.419028+00:00,2025-11-27 11:12:50.419029+00:00
203,23,488,Sales Return,SALES_RETURN,0.0,CREDIT,True,2025-11-27 11:12:50.419030+00:00,2025-11-27 11:12:50.419031+00:00
204,23,495,Purchase Return,PURCHASE_RETURN,0.0,DEBIT,True,2025-11-27 11:12:50.419032+00:00,2025-11-27 11:12:50.419033+00:00
205,23,509,Discount Allowed,DISCOUNT_ALLOWED,0.0,DEBIT,True,2025-11-27 11:12:50.419034+00:00,2025-11-27 11:12:50.419035+00:00
206,23,491,Discount Received,DISCOUNT_RECEIVED,0.0,CREDIT,True,2025-11-27 11:12:50.419037+00:00,2025-11-27 11:12:50.419038+00:00
207,23,500,Salary Expense,,0.0,DEBIT,True,2025-11-27 11:12:50.419039+00:00,2025-11-27 11:12:50.419040+00:00
208,23,501,Office Rent,,0.0,DEBIT,True,2025-11-27 11:12:50.419041+00:00,2025-11-27 11:12:50.419042+00:00
209,23,502,Electricity Expense,,0.0,DEBIT,True,2025-11-27 11:12:50.419043+00:00,2025-11-27 11:12:50.419044+00:00
210,23,507,Internet Expense,,0.0,DEBIT,True,2025-11-27 11:12:50.419045+00:00,2025-11-27 11:12:50.419046+00:00
211,23,505,Travel Expense,,0.0,DEBIT,True,2025-11-27 11:12:50.419047+00:00,2025-11-27 11:12:50.419048+00:00
212,23,499,Printing & Stationery,,0.0,DEBIT,True,2025-11-27 11:12:50.419049+00:00,2025-11-27 11:12:50.419050+00:00
213,23,503,Repair & Maintenance,,0.0,DEBIT,True,2025-11-27 11:12:50.419051+00:00,2025-11-27 11:12:50.419053+00:00
214,23,508,Miscellaneous Expense,,0.0,DEBIT,True,2025-11-27 11:12:50.419054+00:00,2025-11-27 11:12:50.419055+00:00
215,23,492,Commission Income,,0.0,CREDIT,True,2025-11-27 11:12:50.419056+00:00,2025-11-27 11:12:50.419057+00:00
216,23,489,Interest Income,,0.0,CREDIT,True,2025-11-27 11:12:50.419058+00:00,2025-11-27 11:12:50.419059+00:00
217,23,490,Service Income,,0.0,CREDIT,True,2025-11-27 11:12:50.419060+00:00,2025-11-27 11:12:50.419061+00:00
218,23,484,Capital Account,CAPITAL,0.0,CREDIT,True,2025-11-27 11:12:50.419062+00:00,2025-11-27 11:12:50.419063+00:00
219,23,485,Drawings,DRAWINGS,0.0,CREDIT,True,2025-11-27 11:12:50.419064+00:00,2025-11-27 11:12:50.419065+00:00
220,23,486,Retained Earnings,RETAINED_EARNINGS,0.0,CREDIT,True,2025-11-27 11:12:50.419067+00:00,2025-11-27 11:12:50.419068+00:00
221,6,214,eSewa Wallet,,0.0,DEBIT,True,2025-11-28 21:56:46.252105+00:00,2025-11-28 21:56:46.252112+00:00
222,6,214,Khalti Wallet,,0.0,DEBIT,True,2025-11-28 21:57:19.648994+00:00,2025-11-28 21:57:19.648998+00:00
223,24,513,Cash,CASH,0.0,DEBIT,True,2025-11-29 03:11:22.371404+00:00,2025-11-29 03:11:22.371409+00:00
224,24,513,Petty Cash,PETTY_CASH,0.0,DEBIT,True,2025-11-29 03:11:22.371412+00:00,2025-11-29 03:11:22.371414+00:00
225,24,514,Bank A/C (Placeholder),DEFAULT_BANK,0.0,DEBIT,True,2025-11-29 03:11:22.371416+00:00,2025-11-29 03:11:22.371417+00:00
226,24,515,Customers,CUSTOMERS,0.0,DEBIT,True,2025-11-29 03:11:22.371419+00:00,2025-11-29 03:11:22.371421+00:00
227,24,532,Suppliers,SUPPLIERS,0.0,CREDIT,True,2025-11-29 03:11:22.371423+00:00,2025-11-29 03:11:22.371425+00:00
228,24,520,Input Tax,INPUT_TAX,0.0,DEBIT,True,2025-11-29 03:11:22.371427+00:00,2025-11-29 03:11:22.371429+00:00
229,24,533,Output Tax,OUTPUT_TAX,0.0,CREDIT,True,2025-11-29 03:11:22.371431+00:00,2025-11-29 03:11:22.371433+00:00
230,24,533,Tax Payable,TAX_PAYABLE,0.0,CREDIT,True,2025-11-29 03:11:22.371436+00:00,2025-11-29 03:11:22.371438+00:00
231,24,520,Tax Receivable,TAX_RECEIVABLE,0.0,DEBIT,True,2025-11-29 03:11:22.371440+00:00,2025-11-29 03:11:22.371442+00:00
232,24,549,Service Charge,SERVICE_CHARGE,0.0,CREDIT,True,2025-11-29 03:11:22.371444+00:00,2025-11-29 03:11:22.371446+00:00
233,24,548,Sales (Goods/Service),SALES,0.0,CREDIT,True,2025-11-29 03:11:22.371448+00:00,2025-11-29 03:11:22.371450+00:00
234,24,555,Purchase (Goods/Service),PURCHASES,0.0,DEBIT,True,2025-11-29 03:11:22.371451+00:00,2025-11-29 03:11:22.371453+00:00
235,24,548,Sales Return,SALES_RETURN,0.0,CREDIT,True,2025-11-29 03:11:22.371454+00:00,2025-11-29 03:11:22.371456+00:00
236,24,555,Purchase Return,PURCHASE_RETURN,0.0,DEBIT,True,2025-11-29 03:11:22.371458+00:00,2025-11-29 03:11:22.371460+00:00
237,24,569,Discount Allowed,DISCOUNT_ALLOWED,0.0,DEBIT,True,2025-11-29 03:11:22.371462+00:00,2025-11-29 03:11:22.371464+00:00
238,24,551,Discount Received,DISCOUNT_RECEIVED,0.0,CREDIT,True,2025-11-29 03:11:22.371466+00:00,2025-11-29 03:11:22.371468+00:00
239,24,560,Salary Expense,,0.0,DEBIT,True,2025-11-29 03:11:22.371470+00:00,2025-11-29 03:11:22.371471+00:00
240,24,561,Office Rent,,0.0,DEBIT,True,2025-11-29 03:11:22.371473+00:00,2025-11-29 03:11:22.371475+00:00
241,24,562,Electricity Expense,,0.0,DEBIT,True,2025-11-29 03:11:22.371478+00:00,2025-11-29 03:11:22.371479+00:00
242,24,567,Internet Expense,,0.0,DEBIT,True,2025-11-29 03:11:22.371481+00:00,2025-11-29 03:11:22.371483+00:00
243,24,565,Travel Expense,,0.0,DEBIT,True,2025-11-29 03:11:22.371485+00:00,2025-11-29 03:11:22.371487+00:00
244,24,559,Printing & Stationery,,0.0,DEBIT,True,2025-11-29 03:11:22.371489+00:00,2025-11-29 03:11:22.371491+00:00
245,24,563,Repair & Maintenance,,0.0,DEBIT,True,2025-11-29 03:11:22.371492+00:00,2025-11-29 03:11:22.371494+00:00
246,24,568,Miscellaneous Expense,,0.0,DEBIT,True,2025-11-29 03:11:22.371496+00:00,2025-11-29 03:11:22.371497+00:00
247,24,552,Commission Income,,0.0,CREDIT,True,2025-11-29 03:11:22.371499+00:00,2025-11-29 03:11:22.371501+00:00
248,24,549,Interest Income,,0.0,CREDIT,True,2025-11-29 03:11:22.371503+00:00,2025-11-29 03:11:22.371504+00:00
249,24,550,Service Income,,0.0,CREDIT,True,2025-11-29 03:11:22.371506+00:00,2025-11-29 03:11:22.371508+00:00
250,24,544,Capital Account,CAPITAL,0.0,CREDIT,True,2025-11-29 03:11:22.371510+00:00,2025-11-29 03:11:22.371512+00:00
251,24,545,Drawings,DRAWINGS,0.0,CREDIT,True,2025-11-29 03:11:22.371513+00:00,2025-11-29 03:11:22.371514+00:00
252,24,546,Retained Earnings,RETAINED_EARNINGS,0.0,CREDIT,True,2025-11-29 03:11:22.371515+00:00,2025-11-29 03:11:22.371516+00:00
255,6,218,Opening Stock,OPENING_STOCK,0.0,DEBIT,True,2025-12-07 03:39:59.389801+00:00,2025-12-07 03:39:59.389805+00:00
256,6,218,Closing Stock,CLOSING_STOCK,0.0,DEBIT,True,2025-12-07 03:39:59.389807+00:00,2025-12-07 03:39:59.389808+00:00
257,6,220,Input VAT,INPUT_VAT,0.0,DEBIT,True,2025-12-07 03:39:59.389810+00:00,2025-12-07 03:39:59.389811+00:00
258,6,233,Output VAT,OUTPUT_VAT,0.0,CREDIT,True,2025-12-07 03:39:59.389812+00:00,2025-12-07 03:39:59.389814+00:00
259,6,235,VAT Payable,VAT_PAYABLE,0.0,CREDIT,True,2025-12-07 03:39:59.389815+00:00,2025-12-07 03:39:59.389816+00:00
260,6,222,VAT Receivable,VAT_RECEIVABLE,0.0,DEBIT,True,2025-12-07 03:39:59.389818+00:00,2025-12-07 03:39:59.389819+00:00
261,6,233,Duties & Taxes,DUTIES_TAXES,0.0,CREDIT,True,2025-12-07 03:39:59.389820+00:00,2025-12-07 03:39:59.389822+00:00
262,6,234,TDS Payable,TDS_PAYABLE,0.0,CREDIT,True,2025-12-07 03:39:59.389824+00:00,2025-12-07 03:39:59.389825+00:00
263,6,221,TDS Receivable,TDS_RECEIVABLE,0.0,DEBIT,True,2025-12-07 03:39:59.389834+00:00,2025-12-07 03:39:59.389835+00:00
264,6,214,Nepal Bank A/C,,1000.0,DEBIT,True,2025-12-08 23:36:48.814548+00:00,2025-12-08 23:36:48.814554+00:00
265,6,214,Wallets,,0.0,DEBIT,True,2025-12-09 03:04:19.716978+00:00,2025-12-09 03:04:19.716987+00:00
266,6,232,Riyansh,,0.0,CREDIT,True,2025-12-11 06:04:41.620032+00:00,2025-12-11 06:04:41.620036+00:00
267,6,215,Biltu Cusromer,,0.0,DEBIT,True,2025-12-11 06:08:07.391671+00:00,2025-12-11 06:08:07.391674+00:00
268,24,532,Supplier A,,0.0,CREDIT,True,2025-12-12 09:22:01.042815+00:00,2025-12-12 09:22:01.042820+00:00
269,24,515,Customer B,,0.0,DEBIT,True,2025-12-12 09:22:17.395630+00:00,2025-12-12 09:22:17.395634+00:00
270,24,518,Closing Stock,CLOSING_STOCK,0.0,DEBIT,True,2025-12-12 09:46:27.382149+00:00,2025-12-12 09:46:27.382154+00:00
271,24,518,Purchase,PURCHASES_ASSET,0.0,DEBIT,True,2025-12-12 10:29:15.472028+00:00,2025-12-12 10:29:15.472031+00:00
272,6,218,Purchase,PURCHASES_ASSET,0.0,DEBIT,True,2025-12-12 19:53:18.630412+00:00,2025-12-12 19:53:18.630417+00:00
273,24,554,Cost of Goods Sold,COGS,0.0,DEBIT,True,2025-12-14 06:27:44.571963+00:00,2025-12-14 06:27:44.571966+00:00
279,1,615,Cash,CASH,0.0,DEBIT,True,2025-12-14 13:30:40.130393+00:00,2025-12-14 13:30:40.130399+00:00
280,1,615,Petty Cash,PETTY_CASH,0.0,DEBIT,True,2025-12-14 13:30:40.130402+00:00,2025-12-14 13:30:40.130404+00:00
281,1,616,Bank A/C (Placeholder),DEFAULT_BANK,0.0,DEBIT,True,2025-12-14 13:30:40.130407+00:00,2025-12-14 13:30:40.130409+00:00
282,1,617,Customers,CUSTOMERS,0.0,DEBIT,True,2025-12-14 13:30:40.130411+00:00,2025-12-14 13:30:40.130414+00:00
283,1,634,Suppliers,SUPPLIERS,0.0,CREDIT,True,2025-12-14 13:30:40.130416+00:00,2025-12-14 13:30:40.130418+00:00
284,1,622,Input Tax,INPUT_TAX,0.0,DEBIT,True,2025-12-14 13:30:40.130420+00:00,2025-12-14 13:30:40.130422+00:00
285,1,635,Output Tax,OUTPUT_TAX,0.0,CREDIT,True,2025-12-14 13:30:40.130425+00:00,2025-12-14 13:30:40.130427+00:00
286,1,635,Tax Payable,TAX_PAYABLE,0.0,CREDIT,True,2025-12-14 13:30:40.130429+00:00,2025-12-14 13:30:40.130431+00:00
287,1,622,Tax Receivable,TAX_RECEIVABLE,0.0,DEBIT,True,2025-12-14 13:30:40.130433+00:00,2025-12-14 13:30:40.130436+00:00
288,1,651,Service Charge,SERVICE_CHARGE,0.0,CREDIT,True,2025-12-14 13:30:40.130438+00:00,2025-12-14 13:30:40.130440+00:00
289,1,650,Sales (Goods/Service),SALES,0.0,CREDIT,True,2025-12-14 13:30:40.130443+00:00,2025-12-14 13:30:40.130445+00:00
290,1,657,Purchase (Goods/Service),PURCHASES,0.0,DEBIT,True,2025-12-14 13:30:40.130447+00:00,2025-12-14 13:30:40.130449+00:00
291,1,650,Sales Return,SALES_RETURN,0.0,CREDIT,True,2025-12-14 13:30:40.130451+00:00,2025-12-14 13:30:40.130454+00:00
292,1,657,Purchase Return,PURCHASE_RETURN,0.0,DEBIT,True,2025-12-14 13:30:40.130456+00:00,2025-12-14 13:30:40.130458+00:00
293,1,671,Discount Allowed,DISCOUNT_ALLOWED,0.0,DEBIT,True,2025-12-14 13:30:40.130460+00:00,2025-12-14 13:30:40.130462+00:00
294,1,653,Discount Received,DISCOUNT_RECEIVED,0.0,CREDIT,True,2025-12-14 13:30:40.130465+00:00,2025-12-14 13:30:40.130467+00:00
295,1,662,Salary Expense,,0.0,DEBIT,True,2025-12-14 13:30:40.130469+00:00,2025-12-14 13:30:40.130471+00:00
296,1,663,Office Rent,,0.0,DEBIT,True,2025-12-14 13:30:40.130473+00:00,2025-12-14 13:30:40.130476+00:00
297,1,664,Electricity Expense,,0.0,DEBIT,True,2025-12-14 13:30:40.130479+00:00,2025-12-14 13:30:40.130481+00:00
298,1,669,Internet Expense,,0.0,DEBIT,True,2025-12-14 13:30:40.130485+00:00,2025-12-14 13:30:40.130487+00:00
299,1,667,Travel Expense,,0.0,DEBIT,True,2025-12-14 13:30:40.130489+00:00,2025-12-14 13:30:40.130492+00:00
300,1,661,Printing & Stationery,,0.0,DEBIT,True,2025-12-14 13:30:40.130494+00:00,2025-12-14 13:30:40.130496+00:00
301,1,665,Repair & Maintenance,,0.0,DEBIT,True,2025-12-14 13:30:40.130498+00:00,2025-12-14 13:30:40.130500+00:00
302,1,670,Miscellaneous Expense,,0.0,DEBIT,True,2025-12-14 13:30:40.130503+00:00,2025-12-14 13:30:40.130505+00:00
303,1,654,Commission Income,,0.0,CREDIT,True,2025-12-14 13:30:40.130507+00:00,2025-12-14 13:30:40.130510+00:00
304,1,651,Interest Income,,0.0,CREDIT,True,2025-12-14 13:30:40.130512+00:00,2025-12-14 13:30:40.130517+00:00
305,1,652,Service Income,,0.0,CREDIT,True,2025-12-14 13:30:40.130519+00:00,2025-12-14 13:30:40.130522+00:00
306,1,646,Capital Account,CAPITAL,0.0,CREDIT,True,2025-12-14 13:30:40.130524+00:00,2025-12-14 13:30:40.130526+00:00
307,1,647,Drawings,DRAWINGS,0.0,CREDIT,True,2025-12-14 13:30:40.130528+00:00,2025-12-14 13:30:40.130530+00:00
308,1,648,Retained Earnings,RETAINED_EARNINGS,0.0,CREDIT,True,2025-12-14 13:30:40.130532+00:00,2025-12-14 13:30:40.130534+00:00
309,3,675,Petty Cash,PETTY_CASH,0.0,DEBIT,True,2025-12-14 13:30:40.355677+00:00,2025-12-14 13:30:40.355679+00:00
310,3,676,Bank A/C (Placeholder),DEFAULT_BANK,0.0,DEBIT,True,2025-12-14 13:30:40.355681+00:00,2025-12-14 13:30:40.355682+00:00
311,3,677,Customers,CUSTOMERS,0.0,DEBIT,True,2025-12-14 13:30:40.355683+00:00,2025-12-14 13:30:40.355684+00:00
312,3,694,Suppliers,SUPPLIERS,0.0,CREDIT,True,2025-12-14 13:30:40.355685+00:00,2025-12-14 13:30:40.355686+00:00
313,3,682,Input Tax,INPUT_TAX,0.0,DEBIT,True,2025-12-14 13:30:40.355687+00:00,2025-12-14 13:30:40.355688+00:00
314,3,695,Output Tax,OUTPUT_TAX,0.0,CREDIT,True,2025-12-14 13:30:40.355690+00:00,2025-12-14 13:30:40.355691+00:00
315,3,695,Tax Payable,TAX_PAYABLE,0.0,CREDIT,True,2025-12-14 13:30:40.355692+00:00,2025-12-14 13:30:40.355693+00:00
316,3,682,Tax Receivable,TAX_RECEIVABLE,0.0,DEBIT,True,2025-12-14 13:30:40.355694+00:00,2025-12-14 13:30:40.355695+00:00
317,3,711,Service Charge,SERVICE_CHARGE,0.0,CREDIT,True,2025-12-14 13:30:40.355696+00:00,2025-12-14 13:30:40.355698+00:00
318,3,710,Sales (Goods/Service),SALES,0.0,CREDIT,True,2025-12-14 13:30:40.355699+00:00,2025-12-14 13:30:40.355700+00:00
319,3,717,Purchase (Goods/Service),PURCHASES,0.0,DEBIT,True,2025-12-14 13:30:40.355702+00:00,2025-12-14 13:30:40.355703+00:00
320,3,710,Sales Return,SALES_RETURN,0.0,CREDIT,True,2025-12-14 13:30:40.355704+00:00,2025-12-14 13:30:40.355705+00:00
321,3,717,Purchase Return,PURCHASE_RETURN,0.0,DEBIT,True,2025-12-14 13:30:40.355706+00:00,2025-12-14 13:30:40.355707+00:00
322,3,731,Discount Allowed,DISCOUNT_ALLOWED,0.0,DEBIT,True,2025-12-14 13:30:40.355708+00:00,2025-12-14 13:30:40.355709+00:00
323,3,713,Discount Received,DISCOUNT_RECEIVED,0.0,CREDIT,True,2025-12-14 13:30:40.355710+00:00,2025-12-14 13:30:40.355711+00:00
324,3,722,Salary Expense,,0.0,DEBIT,True,2025-12-14 13:30:40.355712+00:00,2025-12-14 13:30:40.355713+00:00
325,3,723,Office Rent,,0.0,DEBIT,True,2025-12-14 13:30:40.355714+00:00,2025-12-14 13:30:40.355716+00:00
326,3,724,Electricity Expense,,0.0,DEBIT,True,2025-12-14 13:30:40.355717+00:00,2025-12-14 13:30:40.355718+00:00
327,3,729,Internet Expense,,0.0,DEBIT,True,2025-12-14 13:30:40.355719+00:00,2025-12-14 13:30:40.355720+00:00
328,3,727,Travel Expense,,0.0,DEBIT,True,2025-12-14 13:30:40.355721+00:00,2025-12-14 13:30:40.355722+00:00
329,3,721,Printing & Stationery,,0.0,DEBIT,True,2025-12-14 13:30:40.355723+00:00,2025-12-14 13:30:40.355724+00:00
330,3,725,Repair & Maintenance,,0.0,DEBIT,True,2025-12-14 13:30:40.355725+00:00,2025-12-14 13:30:40.355726+00:00
331,3,730,Miscellaneous Expense,,0.0,DEBIT,True,2025-12-14 13:30:40.355727+00:00,2025-12-14 13:30:40.355728+00:00
332,3,714,Commission Income,,0.0,CREDIT,True,2025-12-14 13:30:40.355729+00:00,2025-12-14 13:30:40.355730+00:00
333,3,711,Interest Income,,0.0,CREDIT,True,2025-12-14 13:30:40.355731+00:00,2025-12-14 13:30:40.355732+00:00
334,3,712,Service Income,,0.0,CREDIT,True,2025-12-14 13:30:40.355733+00:00,2025-12-14 13:30:40.355734+00:00
335,3,706,Capital Account,CAPITAL,0.0,CREDIT,True,2025-12-14 13:30:40.355735+00:00,2025-12-14 13:30:40.355736+00:00
336,3,707,Drawings,DRAWINGS,0.0,CREDIT,True,2025-12-14 13:30:40.355737+00:00,2025-12-14 13:30:40.355738+00:00
337,3,708,Retained Earnings,RETAINED_EARNINGS,0.0,CREDIT,True,2025-12-14 13:30:40.355739+00:00,2025-12-14 13:30:40.355741+00:00
338,4,735,Cash,CASH,0.0,DEBIT,True,2025-12-14 13:30:40.541842+00:00,2025-12-14 13:30:40.541847+00:00
339,4,735,Petty Cash,PETTY_CASH,0.0,DEBIT,True,2025-12-14 13:30:40.541850+00:00,2025-12-14 13:30:40.541853+00:00
340,4,736,Bank A/C (Placeholder),DEFAULT_BANK,0.0,DEBIT,True,2025-12-14 13:30:40.541855+00:00,2025-12-14 13:30:40.541857+00:00
341,4,737,Customers,CUSTOMERS,0.0,DEBIT,True,2025-12-14 13:30:40.541859+00:00,2025-12-14 13:30:40.541862+00:00
342,4,754,Suppliers,SUPPLIERS,0.0,CREDIT,True,2025-12-14 13:30:40.541864+00:00,2025-12-14 13:30:40.541867+00:00
343,4,742,Input Tax,INPUT_TAX,0.0,DEBIT,True,2025-12-14 13:30:40.541869+00:00,2025-12-14 13:30:40.541871+00:00
344,4,755,Output Tax,OUTPUT_TAX,0.0,CREDIT,True,2025-12-14 13:30:40.541873+00:00,2025-12-14 13:30:40.541877+00:00
345,4,755,Tax Payable,TAX_PAYABLE,0.0,CREDIT,True,2025-12-14 13:30:40.541879+00:00,2025-12-14 13:30:40.541881+00:00
346,4,742,Tax Receivable,TAX_RECEIVABLE,0.0,DEBIT,True,2025-12-14 13:30:40.541883+00:00,2025-12-14 13:30:40.541885+00:00
347,4,771,Service Charge,SERVICE_CHARGE,0.0,CREDIT,True,2025-12-14 13:30:40.541888+00:00,2025-12-14 13:30:40.541890+00:00
348,4,770,Sales (Goods/Service),SALES,0.0,CREDIT,True,2025-12-14 13:30:40.541892+00:00,2025-12-14 13:30:40.541894+00:00
349,4,777,Purchase (Goods/Service),PURCHASES,0.0,DEBIT,True,2025-12-14 13:30:40.541897+00:00,2025-12-14 13:30:40.541899+00:00
350,4,770,Sales Return,SALES_RETURN,0.0,CREDIT,True,2025-12-14 13:30:40.541901+00:00,2025-12-14 13:30:40.541903+00:00
351,4,777,Purchase Return,PURCHASE_RETURN,0.0,DEBIT,True,2025-12-14 13:30:40.541905+00:00,2025-12-14 13:30:40.541907+00:00
352,4,791,Discount Allowed,DISCOUNT_ALLOWED,0.0,DEBIT,True,2025-12-14 13:30:40.541909+00:00,2025-12-14 13:30:40.541911+00:00
353,4,773,Discount Received,DISCOUNT_RECEIVED,0.0,CREDIT,True,2025-12-14 13:30:40.541913+00:00,2025-12-14 13:30:40.541915+00:00
354,4,782,Salary Expense,,0.0,DEBIT,True,2025-12-14 13:30:40.541918+00:00,2025-12-14 13:30:40.541920+00:00
355,4,783,Office Rent,,0.0,DEBIT,True,2025-12-14 13:30:40.541922+00:00,2025-12-14 13:30:40.541924+00:00
356,4,784,Electricity Expense,,0.0,DEBIT,True,2025-12-14 13:30:40.541926+00:00,2025-12-14 13:30:40.541928+00:00
357,4,789,Internet Expense,,0.0,DEBIT,True,2025-12-14 13:30:40.541931+00:00,2025-12-14 13:30:40.541933+00:00
358,4,787,Travel Expense,,0.0,DEBIT,True,2025-12-14 13:30:40.541935+00:00,2025-12-14 13:30:40.541937+00:00
359,4,781,Printing & Stationery,,0.0,DEBIT,True,2025-12-14 13:30:40.541939+00:00,2025-12-14 13:30:40.541941+00:00
360,4,785,Repair & Maintenance,,0.0,DEBIT,True,2025-12-14 13:30:40.541943+00:00,2025-12-14 13:30:40.541945+00:00
361,4,790,Miscellaneous Expense,,0.0,DEBIT,True,2025-12-14 13:30:40.541947+00:00,2025-12-14 13:30:40.541949+00:00
362,4,774,Commission Income,,0.0,CREDIT,True,2025-12-14 13:30:40.541951+00:00,2025-12-14 13:30:40.541953+00:00
363,4,771,Interest Income,,0.0,CREDIT,True,2025-12-14 13:30:40.541955+00:00,2025-12-14 13:30:40.541957+00:00
364,4,772,Service Income,,0.0,CREDIT,True,2025-12-14 13:30:40.541960+00:00,2025-12-14 13:30:40.541962+00:00
365,4,766,Capital Account,CAPITAL,0.0,CREDIT,True,2025-12-14 13:30:40.541964+00:00,2025-12-14 13:30:40.541966+00:00
366,4,767,Drawings,DRAWINGS,0.0,CREDIT,True,2025-12-14 13:30:40.541968+00:00,2025-12-14 13:30:40.541970+00:00
367,4,768,Retained Earnings,RETAINED_EARNINGS,0.0,CREDIT,True,2025-12-14 13:30:40.541972+00:00,2025-12-14 13:30:40.541974+00:00
368,5,795,Cash,CASH,0.0,DEBIT,True,2025-12-14 13:30:40.727057+00:00,2025-12-14 13:30:40.727066+00:00
369,5,795,Petty Cash,PETTY_CASH,0.0,DEBIT,True,2025-12-14 13:30:40.727067+00:00,2025-12-14 13:30:40.727069+00:00
370,5,796,Bank A/C (Placeholder),DEFAULT_BANK,0.0,DEBIT,True,2025-12-14 13:30:40.727070+00:00,2025-12-14 13:30:40.727071+00:00
371,5,797,Customers,CUSTOMERS,0.0,DEBIT,True,2025-12-14 13:30:40.727072+00:00,2025-12-14 13:30:40.727074+00:00
372,5,814,Suppliers,SUPPLIERS,0.0,CREDIT,True,2025-12-14 13:30:40.727075+00:00,2025-12-14 13:30:40.727076+00:00
373,5,802,Input Tax,INPUT_TAX,0.0,DEBIT,True,2025-12-14 13:30:40.727077+00:00,2025-12-14 13:30:40.727078+00:00
374,5,815,Output Tax,OUTPUT_TAX,0.0,CREDIT,True,2025-12-14 13:30:40.727079+00:00,2025-12-14 13:30:40.727081+00:00
375,5,815,Tax Payable,TAX_PAYABLE,0.0,CREDIT,True,2025-12-14 13:30:40.727082+00:00,2025-12-14 13:30:40.727083+00:00
376,5,802,Tax Receivable,TAX_RECEIVABLE,0.0,DEBIT,True,2025-12-14 13:30:40.727084+00:00,2025-12-14 13:30:40.727085+00:00
377,5,831,Service Charge,SERVICE_CHARGE,0.0,CREDIT,True,2025-12-14 13:30:40.727087+00:00,2025-12-14 13:30:40.727088+00:00
378,5,830,Sales (Goods/Service),SALES,0.0,CREDIT,True,2025-12-14 13:30:40.727089+00:00,2025-12-14 13:30:40.727090+00:00
379,5,837,Purchase (Goods/Service),PURCHASES,0.0,DEBIT,True,2025-12-14 13:30:40.727091+00:00,2025-12-14 13:30:40.727092+00:00
380,5,830,Sales Return,SALES_RETURN,0.0,CREDIT,True,2025-12-14 13:30:40.727094+00:00,2025-12-14 13:30:40.727095+00:00
381,5,837,Purchase Return,PURCHASE_RETURN,0.0,DEBIT,True,2025-12-14 13:30:40.727096+00:00,2025-12-14 13:30:40.727097+00:00
382,5,851,Discount Allowed,DISCOUNT_ALLOWED,0.0,DEBIT,True,2025-12-14 13:30:40.727098+00:00,2025-12-14 13:30:40.727099+00:00
383,5,833,Discount Received,DISCOUNT_RECEIVED,0.0,CREDIT,True,2025-12-14 13:30:40.727100+00:00,2025-12-14 13:30:40.727101+00:00
384,5,842,Salary Expense,,0.0,DEBIT,True,2025-12-14 13:30:40.727102+00:00,2025-12-14 13:30:40.727117+00:00
385,5,843,Office Rent,,0.0,DEBIT,True,2025-12-14 13:30:40.727118+00:00,2025-12-14 13:30:40.727119+00:00
386,5,844,Electricity Expense,,0.0,DEBIT,True,2025-12-14 13:30:40.727120+00:00,2025-12-14 13:30:40.727121+00:00
387,5,849,Internet Expense,,0.0,DEBIT,True,2025-12-14 13:30:40.727123+00:00,2025-12-14 13:30:40.727124+00:00
388,5,847,Travel Expense,,0.0,DEBIT,True,2025-12-14 13:30:40.727125+00:00,2025-12-14 13:30:40.727126+00:00
389,5,841,Printing & Stationery,,0.0,DEBIT,True,2025-12-14 13:30:40.727127+00:00,2025-12-14 13:30:40.727128+00:00
390,5,845,Repair & Maintenance,,0.0,DEBIT,True,2025-12-14 13:30:40.727129+00:00,2025-12-14 13:30:40.727131+00:00
391,5,850,Miscellaneous Expense,,0.0,DEBIT,True,2025-12-14 13:30:40.727132+00:00,2025-12-14 13:30:40.727133+00:00
392,5,834,Commission Income,,0.0,CREDIT,True,2025-12-14 13:30:40.727134+00:00,2025-12-14 13:30:40.727135+00:00
393,5,831,Interest Income,,0.0,CREDIT,True,2025-12-14 13:30:40.727136+00:00,2025-12-14 13:30:40.727137+00:00
394,5,832,Service Income,,0.0,CREDIT,True,2025-12-14 13:30:40.727138+00:00,2025-12-14 13:30:40.727140+00:00
395,5,826,Capital Account,CAPITAL,0.0,CREDIT,True,2025-12-14 13:30:40.727141+00:00,2025-12-14 13:30:40.727142+00:00
396,5,827,Drawings,DRAWINGS,0.0,CREDIT,True,2025-12-14 13:30:40.727143+00:00,2025-12-14 13:30:40.727144+00:00
397,5,828,Retained Earnings,RETAINED_EARNINGS,0.0,CREDIT,True,2025-12-14 13:30:40.727145+00:00,2025-12-14 13:30:40.727146+00:00
69,6,213,Petty Cash,PETTY_CASH,0.0,DEBIT,True,2025-11-23 08:14:49.053068+00:00,2025-12-14 13:30:40.850414+00:00
70,6,214,Bank A/C (Placeholder),DEFAULT_BANK,0.0,DEBIT,True,2025-11-23 08:14:49.053070+00:00,2025-12-14 13:30:40.850416+00:00
75,6,249,Service Charge,SERVICE_CHARGE,0.0,CREDIT,True,2025-11-23 08:14:49.053080+00:00,2025-12-14 13:30:40.850418+00:00
76,6,248,Sales (Goods/Service),SALES,0.0,CREDIT,True,2025-11-23 08:14:49.053082+00:00,2025-12-14 13:30:40.850420+00:00
77,6,255,Purchase (Goods/Service),PURCHASES,0.0,DEBIT,True,2025-11-23 08:14:49.053084+00:00,2025-12-14 13:30:40.850422+00:00
78,6,248,Sales Return,SALES_RETURN,0.0,DEBIT,True,2025-11-23 08:14:49.053086+00:00,2025-12-14 13:30:40.850424+00:00
79,6,255,Purchase Return,PURCHASE_RETURN,0.0,CREDIT,True,2025-11-23 08:14:49.053088+00:00,2025-12-14 13:30:40.850426+00:00
80,6,269,Discount Allowed,DISCOUNT_ALLOWED,0.0,DEBIT,True,2025-11-23 08:14:49.053090+00:00,2025-12-14 13:30:40.850428+00:00
81,6,251,Discount Received,DISCOUNT_RECEIVED,0.0,CREDIT,True,2025-11-23 08:14:49.053092+00:00,2025-12-14 13:30:40.850431+00:00
93,6,244,Capital Account,CAPITAL,0.0,CREDIT,True,2025-11-23 08:14:49.053118+00:00,2025-12-14 13:30:40.850433+00:00
94,6,245,Drawings,DRAWINGS,0.0,CREDIT,True,2025-11-23 08:14:49.053120+00:00,2025-12-14 13:30:40.850435+00:00
95,6,246,Retained Earnings,RETAINED_EARNINGS,0.0,CREDIT,True,2025-11-23 08:14:49.053122+00:00,2025-12-14 13:30:40.850437+00:00
398,16,855,Cash,CASH,0.0,DEBIT,True,2025-12-14 13:30:41.156104+00:00,2025-12-14 13:30:41.156107+00:00
399,16,855,Petty Cash,PETTY_CASH,0.0,DEBIT,True,2025-12-14 13:30:41.156109+00:00,2025-12-14 13:30:41.156110+00:00
400,16,856,Bank A/C (Placeholder),DEFAULT_BANK,0.0,DEBIT,True,2025-12-14 13:30:41.156112+00:00,2025-12-14 13:30:41.156113+00:00
401,16,857,Customers,CUSTOMERS,0.0,DEBIT,True,2025-12-14 13:30:41.156114+00:00,2025-12-14 13:30:41.156115+00:00
402,16,874,Suppliers,SUPPLIERS,0.0,CREDIT,True,2025-12-14 13:30:41.156117+00:00,2025-12-14 13:30:41.156118+00:00
403,16,862,Input Tax,INPUT_TAX,0.0,DEBIT,True,2025-12-14 13:30:41.156119+00:00,2025-12-14 13:30:41.156120+00:00
404,16,875,Output Tax,OUTPUT_TAX,0.0,CREDIT,True,2025-12-14 13:30:41.156121+00:00,2025-12-14 13:30:41.156123+00:00
405,16,875,Tax Payable,TAX_PAYABLE,0.0,CREDIT,True,2025-12-14 13:30:41.156124+00:00,2025-12-14 13:30:41.156125+00:00
406,16,862,Tax Receivable,TAX_RECEIVABLE,0.0,DEBIT,True,2025-12-14 13:30:41.156126+00:00,2025-12-14 13:30:41.156127+00:00
407,16,891,Service Charge,SERVICE_CHARGE,0.0,CREDIT,True,2025-12-14 13:30:41.156129+00:00,2025-12-14 13:30:41.156130+00:00
408,16,890,Sales (Goods/Service),SALES,0.0,CREDIT,True,2025-12-14 13:30:41.156131+00:00,2025-12-14 13:30:41.156132+00:00
409,16,897,Purchase (Goods/Service),PURCHASES,0.0,DEBIT,True,2025-12-14 13:30:41.156133+00:00,2025-12-14 13:30:41.156134+00:00
410,16,890,Sales Return,SALES_RETURN,0.0,CREDIT,True,2025-12-14 13:30:41.156136+00:00,2025-12-14 13:30:41.156137+00:00
411,16,897,Purchase Return,PURCHASE_RETURN,0.0,DEBIT,True,2025-12-14 13:30:41.156138+00:00,2025-12-14 13:30:41.156139+00:00
412,16,911,Discount Allowed,DISCOUNT_ALLOWED,0.0,DEBIT,True,2025-12-14 13:30:41.156140+00:00,2025-12-14 13:30:41.156141+00:00
413,16,893,Discount Received,DISCOUNT_RECEIVED,0.0,CREDIT,True,2025-12-14 13:30:41.156143+00:00,2025-12-14 13:30:41.156144+00:00
414,16,902,Salary Expense,,0.0,DEBIT,True,2025-12-14 13:30:41.156145+00:00,2025-12-14 13:30:41.156146+00:00
415,16,903,Office Rent,,0.0,DEBIT,True,2025-12-14 13:30:41.156147+00:00,2025-12-14 13:30:41.156148+00:00
416,16,904,Electricity Expense,,0.0,DEBIT,True,2025-12-14 13:30:41.156149+00:00,2025-12-14 13:30:41.156151+00:00
417,16,909,Internet Expense,,0.0,DEBIT,True,2025-12-14 13:30:41.156152+00:00,2025-12-14 13:30:41.156153+00:00
418,16,907,Travel Expense,,0.0,DEBIT,True,2025-12-14 13:30:41.156154+00:00,2025-12-14 13:30:41.156155+00:00
419,16,901,Printing & Stationery,,0.0,DEBIT,True,2025-12-14 13:30:41.156156+00:00,2025-12-14 13:30:41.156157+00:00
420,16,905,Repair & Maintenance,,0.0,DEBIT,True,2025-12-14 13:30:41.156159+00:00,2025-12-14 13:30:41.156160+00:00
421,16,910,Miscellaneous Expense,,0.0,DEBIT,True,2025-12-14 13:30:41.156161+00:00,2025-12-14 13:30:41.156162+00:00
422,16,894,Commission Income,,0.0,CREDIT,True,2025-12-14 13:30:41.156163+00:00,2025-12-14 13:30:41.156164+00:00
423,16,891,Interest Income,,0.0,CREDIT,True,2025-12-14 13:30:41.156166+00:00,2025-12-14 13:30:41.156167+00:00
424,16,892,Service Income,,0.0,CREDIT,True,2025-12-14 13:30:41.156169+00:00,2025-12-14 13:30:41.156170+00:00
425,16,886,Capital Account,CAPITAL,0.0,CREDIT,True,2025-12-14 13:30:41.156171+00:00,2025-12-14 13:30:41.156172+00:00
426,16,887,Drawings,DRAWINGS,0.0,CREDIT,True,2025-12-14 13:30:41.156173+00:00,2025-12-14 13:30:41.156174+00:00
427,16,888,Retained Earnings,RETAINED_EARNINGS,0.0,CREDIT,True,2025-12-14 13:30:41.156175+00:00,2025-12-14 13:30:41.156176+00:00
428,17,915,Cash,CASH,0.0,DEBIT,True,2025-12-14 13:30:41.340141+00:00,2025-12-14 13:30:41.340145+00:00
429,17,915,Petty Cash,PETTY_CASH,0.0,DEBIT,True,2025-12-14 13:30:41.340147+00:00,2025-12-14 13:30:41.340149+00:00
430,17,916,Bank A/C (Placeholder),DEFAULT_BANK,0.0,DEBIT,True,2025-12-14 13:30:41.340152+00:00,2025-12-14 13:30:41.340153+00:00
431,17,917,Customers,CUSTOMERS,0.0,DEBIT,True,2025-12-14 13:30:41.340156+00:00,2025-12-14 13:30:41.340158+00:00
432,17,934,Suppliers,SUPPLIERS,0.0,CREDIT,True,2025-12-14 13:30:41.340159+00:00,2025-12-14 13:30:41.340161+00:00
433,17,922,Input Tax,INPUT_TAX,0.0,DEBIT,True,2025-12-14 13:30:41.340163+00:00,2025-12-14 13:30:41.340165+00:00
434,17,935,Output Tax,OUTPUT_TAX,0.0,CREDIT,True,2025-12-14 13:30:41.340167+00:00,2025-12-14 13:30:41.340169+00:00
435,17,935,Tax Payable,TAX_PAYABLE,0.0,CREDIT,True,2025-12-14 13:30:41.340171+00:00,2025-12-14 13:30:41.340173+00:00
436,17,922,Tax Receivable,TAX_RECEIVABLE,0.0,DEBIT,True,2025-12-14 13:30:41.340175+00:00,2025-12-14 13:30:41.340176+00:00
437,17,951,Service Charge,SERVICE_CHARGE,0.0,CREDIT,True,2025-12-14 13:30:41.340179+00:00,2025-12-14 13:30:41.340185+00:00
438,17,950,Sales (Goods/Service),SALES,0.0,CREDIT,True,2025-12-14 13:30:41.340187+00:00,2025-12-14 13:30:41.340189+00:00
439,17,957,Purchase (Goods/Service),PURCHASES,0.0,DEBIT,True,2025-12-14 13:30:41.340191+00:00,2025-12-14 13:30:41.340192+00:00
440,17,950,Sales Return,SALES_RETURN,0.0,CREDIT,True,2025-12-14 13:30:41.340194+00:00,2025-12-14 13:30:41.340196+00:00
441,17,957,Purchase Return,PURCHASE_RETURN,0.0,DEBIT,True,2025-12-14 13:30:41.340198+00:00,2025-12-14 13:30:41.340199+00:00
442,17,971,Discount Allowed,DISCOUNT_ALLOWED,0.0,DEBIT,True,2025-12-14 13:30:41.340202+00:00,2025-12-14 13:30:41.340203+00:00
443,17,953,Discount Received,DISCOUNT_RECEIVED,0.0,CREDIT,True,2025-12-14 13:30:41.340205+00:00,2025-12-14 13:30:41.340207+00:00
444,17,962,Salary Expense,,0.0,DEBIT,True,2025-12-14 13:30:41.340209+00:00,2025-12-14 13:30:41.340210+00:00
445,17,963,Office Rent,,0.0,DEBIT,True,2025-12-14 13:30:41.340212+00:00,2025-12-14 13:30:41.340214+00:00
446,17,964,Electricity Expense,,0.0,DEBIT,True,2025-12-14 13:30:41.340216+00:00,2025-12-14 13:30:41.340218+00:00
447,17,969,Internet Expense,,0.0,DEBIT,True,2025-12-14 13:30:41.340219+00:00,2025-12-14 13:30:41.340221+00:00
448,17,967,Travel Expense,,0.0,DEBIT,True,2025-12-14 13:30:41.340223+00:00,2025-12-14 13:30:41.340224+00:00
449,17,961,Printing & Stationery,,0.0,DEBIT,True,2025-12-14 13:30:41.340226+00:00,2025-12-14 13:30:41.340228+00:00
450,17,965,Repair & Maintenance,,0.0,DEBIT,True,2025-12-14 13:30:41.340230+00:00,2025-12-14 13:30:41.340232+00:00
451,17,970,Miscellaneous Expense,,0.0,DEBIT,True,2025-12-14 13:30:41.340234+00:00,2025-12-14 13:30:41.340235+00:00
452,17,954,Commission Income,,0.0,CREDIT,True,2025-12-14 13:30:41.340237+00:00,2025-12-14 13:30:41.340239+00:00
453,17,951,Interest Income,,0.0,CREDIT,True,2025-12-14 13:30:41.340241+00:00,2025-12-14 13:30:41.340243+00:00
454,17,952,Service Income,,0.0,CREDIT,True,2025-12-14 13:30:41.340245+00:00,2025-12-14 13:30:41.340246+00:00
455,17,946,Capital Account,CAPITAL,0.0,CREDIT,True,2025-12-14 13:30:41.340248+00:00,2025-12-14 13:30:41.340250+00:00
456,17,947,Drawings,DRAWINGS,0.0,CREDIT,True,2025-12-14 13:30:41.340252+00:00,2025-12-14 13:30:41.340254+00:00
457,17,948,Retained Earnings,RETAINED_EARNINGS,0.0,CREDIT,True,2025-12-14 13:30:41.340256+00:00,2025-12-14 13:30:41.340257+00:00
458,18,975,Cash,CASH,0.0,DEBIT,True,2025-12-14 13:30:41.533735+00:00,2025-12-14 13:30:41.533743+00:00
459,18,975,Petty Cash,PETTY_CASH,0.0,DEBIT,True,2025-12-14 13:30:41.533746+00:00,2025-12-14 13:30:41.533748+00:00
460,18,976,Bank A/C (Placeholder),DEFAULT_BANK,0.0,DEBIT,True,2025-12-14 13:30:41.533750+00:00,2025-12-14 13:30:41.533752+00:00
461,18,980,Opening Stock,OPENING_STOCK,0.0,DEBIT,True,2025-12-14 13:30:41.533754+00:00,2025-12-14 13:30:41.533756+00:00
462,18,980,Closing Stock,CLOSING_STOCK,0.0,DEBIT,True,2025-12-14 13:30:41.533758+00:00,2025-12-14 13:30:41.533760+00:00
463,18,977,Customers,CUSTOMERS,0.0,DEBIT,True,2025-12-14 13:30:41.533762+00:00,2025-12-14 13:30:41.533764+00:00
464,18,994,Suppliers,SUPPLIERS,0.0,CREDIT,True,2025-12-14 13:30:41.533767+00:00,2025-12-14 13:30:41.533768+00:00
465,18,982,Input VAT,INPUT_VAT,0.0,DEBIT,True,2025-12-14 13:30:41.533771+00:00,2025-12-14 13:30:41.533773+00:00
466,18,995,Output VAT,OUTPUT_VAT,0.0,CREDIT,True,2025-12-14 13:30:41.533776+00:00,2025-12-14 13:30:41.533778+00:00
467,18,997,VAT Payable,VAT_PAYABLE,0.0,CREDIT,True,2025-12-14 13:30:41.533785+00:00,2025-12-14 13:30:41.533788+00:00
468,18,984,VAT Receivable,VAT_RECEIVABLE,0.0,DEBIT,True,2025-12-14 13:30:41.533792+00:00,2025-12-14 13:30:41.533794+00:00
469,18,995,Duties & Taxes,DUTIES_TAXES,0.0,CREDIT,True,2025-12-14 13:30:41.533796+00:00,2025-12-14 13:30:41.533798+00:00
470,18,1011,Service Charge,SERVICE_CHARGE,0.0,CREDIT,True,2025-12-14 13:30:41.533799+00:00,2025-12-14 13:30:41.533801+00:00
471,18,996,TDS Payable,TDS_PAYABLE,0.0,CREDIT,True,2025-12-14 13:30:41.533803+00:00,2025-12-14 13:30:41.533805+00:00
472,18,983,TDS Receivable,TDS_RECEIVABLE,0.0,DEBIT,True,2025-12-14 13:30:41.533806+00:00,2025-12-14 13:30:41.533808+00:00
473,18,1010,Sales (Goods/Service),SALES,0.0,CREDIT,True,2025-12-14 13:30:41.533810+00:00,2025-12-14 13:30:41.533811+00:00
474,18,1017,Purchase (Goods/Service),PURCHASES,0.0,DEBIT,True,2025-12-14 13:30:41.533813+00:00,2025-12-14 13:30:41.533814+00:00
475,18,1010,Sales Return,SALES_RETURN,0.0,CREDIT,True,2025-12-14 13:30:41.533816+00:00,2025-12-14 13:30:41.533818+00:00
476,18,1017,Purchase Return,PURCHASE_RETURN,0.0,DEBIT,True,2025-12-14 13:30:41.533820+00:00,2025-12-14 13:30:41.533821+00:00
477,18,1031,Discount Allowed,DISCOUNT_ALLOWED,0.0,DEBIT,True,2025-12-14 13:30:41.533823+00:00,2025-12-14 13:30:41.533824+00:00
478,18,1013,Discount Received,DISCOUNT_RECEIVED,0.0,CREDIT,True,2025-12-14 13:30:41.533826+00:00,2025-12-14 13:30:41.533827+00:00
479,18,1022,Salary Expense,,0.0,DEBIT,True,2025-12-14 13:30:41.533828+00:00,2025-12-14 13:30:41.533830+00:00
480,18,1023,Office Rent,,0.0,DEBIT,True,2025-12-14 13:30:41.533831+00:00,2025-12-14 13:30:41.533833+00:00
481,18,1024,Electricity Expense,,0.0,DEBIT,True,2025-12-14 13:30:41.533834+00:00,2025-12-14 13:30:41.533836+00:00
482,18,1029,Internet Expense,,0.0,DEBIT,True,2025-12-14 13:30:41.533838+00:00,2025-12-14 13:30:41.533839+00:00
483,18,1027,Travel Expense,,0.0,DEBIT,True,2025-12-14 13:30:41.533841+00:00,2025-12-14 13:30:41.533843+00:00
484,18,1021,Printing & Stationery,,0.0,DEBIT,True,2025-12-14 13:30:41.533845+00:00,2025-12-14 13:30:41.533846+00:00
485,18,1025,Repair & Maintenance,,0.0,DEBIT,True,2025-12-14 13:30:41.533848+00:00,2025-12-14 13:30:41.533850+00:00
486,18,1030,Miscellaneous Expense,,0.0,DEBIT,True,2025-12-14 13:30:41.533852+00:00,2025-12-14 13:30:41.533854+00:00
487,18,1014,Commission Income,,0.0,CREDIT,True,2025-12-14 13:30:41.533855+00:00,2025-12-14 13:30:41.533857+00:00
488,18,1011,Interest Income,,0.0,CREDIT,True,2025-12-14 13:30:41.533859+00:00,2025-12-14 13:30:41.533861+00:00
489,18,1012,Service Income,,0.0,CREDIT,True,2025-12-14 13:30:41.533862+00:00,2025-12-14 13:30:41.533864+00:00
490,18,1006,Capital Account,CAPITAL,0.0,CREDIT,True,2025-12-14 13:30:41.533866+00:00,2025-12-14 13:30:41.533867+00:00
491,18,1007,Drawings,DRAWINGS,0.0,CREDIT,True,2025-12-14 13:30:41.533869+00:00,2025-12-14 13:30:41.533871+00:00
492,18,1008,Retained Earnings,RETAINED_EARNINGS,0.0,CREDIT,True,2025-12-14 13:30:41.533872+00:00,2025-12-14 13:30:41.533874+00:00
18,19,135,Purchase (Goods/Service),PURCHASES,0.0,DEBIT,True,2025-11-23 07:33:10.509654+00:00,2025-12-14 13:30:41.652770+00:00
19,19,128,Sales Return,SALES_RETURN,0.0,CREDIT,True,2025-11-23 07:33:10.509656+00:00,2025-12-14 13:30:41.652772+00:00
20,19,135,Purchase Return,PURCHASE_RETURN,0.0,DEBIT,True,2025-11-23 07:33:10.509658+00:00,2025-12-14 13:30:41.652774+00:00
21,19,149,Discount Allowed,DISCOUNT_ALLOWED,0.0,DEBIT,True,2025-11-23 07:33:10.509660+00:00,2025-12-14 13:30:41.652776+00:00
22,19,131,Discount Received,DISCOUNT_RECEIVED,0.0,CREDIT,True,2025-11-23 07:33:10.509662+00:00,2025-12-14 13:30:41.652778+00:00
34,19,124,Capital Account,CAPITAL,0.0,CREDIT,True,2025-11-23 07:33:10.509693+00:00,2025-12-14 13:30:41.652780+00:00
35,19,125,Drawings,DRAWINGS,0.0,CREDIT,True,2025-11-23 07:33:10.509695+00:00,2025-12-14 13:30:41.652782+00:00
36,19,126,Retained Earnings,RETAINED_EARNINGS,0.0,CREDIT,True,2025-11-23 07:33:10.509697+00:00,2025-12-14 13:30:41.652784+00:00
493,19,95,Customers,CUSTOMERS,0.0,DEBIT,True,2025-12-14 13:30:41.656439+00:00,2025-12-14 13:30:41.656443+00:00
494,19,112,Suppliers,SUPPLIERS,0.0,CREDIT,True,2025-12-14 13:30:41.656446+00:00,2025-12-14 13:30:41.656448+00:00
53,20,191,Discount Received,DISCOUNT_RECEIVED,0.0,CREDIT,True,2025-11-23 08:11:41.830090+00:00,2025-12-14 13:30:41.778297+00:00
65,20,184,Capital Account,CAPITAL,0.0,CREDIT,True,2025-11-23 08:11:41.830116+00:00,2025-12-14 13:30:41.778299+00:00
66,20,185,Drawings,DRAWINGS,0.0,CREDIT,True,2025-11-23 08:11:41.830118+00:00,2025-12-14 13:30:41.778301+00:00
67,20,186,Retained Earnings,RETAINED_EARNINGS,0.0,CREDIT,True,2025-11-23 08:11:41.830119+00:00,2025-12-14 13:30:41.778304+00:00
495,20,158,Opening Stock,OPENING_STOCK,0.0,DEBIT,True,2025-12-14 13:30:41.786467+00:00,2025-12-14 13:30:41.786472+00:00
496,20,158,Closing Stock,CLOSING_STOCK,0.0,DEBIT,True,2025-12-14 13:30:41.786475+00:00,2025-12-14 13:30:41.786477+00:00
497,20,155,Customers,CUSTOMERS,0.0,DEBIT,True,2025-12-14 13:30:41.786479+00:00,2025-12-14 13:30:41.786481+00:00
498,20,172,Suppliers,SUPPLIERS,0.0,CREDIT,True,2025-12-14 13:30:41.786483+00:00,2025-12-14 13:30:41.786485+00:00
501,6,232,Rythem Kala Suppliers,,0.0,CREDIT,True,2025-12-18 09:18:12.687259+00:00,2025-12-18 09:18:12.687264+00:00
502,6,232,Informix Solution,,0.0,CREDIT,True,2025-12-18 09:18:12.713038+00:00,2025-12-18 09:18:12.713045+00:00
503,6,232,Zenith Suppliers,,0.0,CREDIT,True,2025-12-18 09:18:12.726491+00:00,2025-12-18 09:18:12.726497+00:00
6,14,23,Business Owner,,5000.0,CREDIT,True,2025-11-22 06:57:38.682647+00:00,2026-03-25 00:23:24.908935+00:00
98,14,274,Nepal SBI Bank,DEFAULT_BANK,0.0,DEBIT,True,2025-11-25 09:13:02.123653+00:00,2026-03-27 07:05:35.616275+00:00
105,14,294,TDS Payable (Goods),TDS_PAYABLE,0.0,CREDIT,True,2025-11-25 09:13:02.123678+00:00,2026-04-12 05:56:35.656571+00:00
7,14,292,Supplier,,0.0,DEBIT,True,2025-11-22 11:53:08.237044+00:00,2025-11-22 11:53:08.237050+00:00
96,14,273,Cash,CASH,0.0,DEBIT,True,2025-11-25 09:13:02.123643+00:00,2025-12-14 13:30:40.970317+00:00
113,14,320,Salary Expense,,0.0,DEBIT,True,2025-11-25 09:13:02.123704+00:00,2025-11-25 09:13:02.123706+00:00
114,14,321,Office Rent,,0.0,DEBIT,True,2025-11-25 09:13:02.123708+00:00,2025-11-25 09:13:02.123710+00:00
115,14,322,Electricity Expense,,0.0,DEBIT,True,2025-11-25 09:13:02.123712+00:00,2025-11-25 09:13:02.123714+00:00
116,14,327,Internet Expense,,0.0,DEBIT,True,2025-11-25 09:13:02.123716+00:00,2025-11-25 09:13:02.123717+00:00
117,14,325,Travel Expense,,0.0,DEBIT,True,2025-11-25 09:13:02.123718+00:00,2025-11-25 09:13:02.123719+00:00
118,14,319,Printing & Stationery,,0.0,DEBIT,True,2025-11-25 09:13:02.123720+00:00,2025-11-25 09:13:02.123722+00:00
119,14,323,Repair & Maintenance,,0.0,DEBIT,True,2025-11-25 09:13:02.123723+00:00,2025-11-25 09:13:02.123725+00:00
120,14,328,Miscellaneous Expense,,0.0,DEBIT,True,2025-11-25 09:13:02.123726+00:00,2025-11-25 09:13:02.123727+00:00
121,14,312,Commission Income,,0.0,CREDIT,True,2025-11-25 09:13:02.123728+00:00,2025-11-25 09:13:02.123729+00:00
122,14,309,Interest Income,,0.0,CREDIT,True,2025-11-25 09:13:02.123731+00:00,2025-11-25 09:13:02.123732+00:00
129,14,275,Customers,CUSTOMERS,0.0,DEBIT,True,2025-11-26 02:02:34.084871+00:00,2025-11-26 02:02:34.084875+00:00
5,14,274,Nepal Bank Account,,0.0,DEBIT,True,2025-11-22 06:55:58.084630+00:00,2025-11-27 07:13:02.870917+00:00
274,14,275,Customer A,,0.0,DEBIT,True,2025-12-14 09:29:50.519728+00:00,2025-12-14 09:29:50.519734+00:00
275,14,278,Purchase,PURCHASES_ASSET,0.0,DEBIT,True,2025-12-14 09:34:12.675668+00:00,2025-12-14 09:34:12.675675+00:00
276,14,278,Closing Stock,CLOSING_STOCK,0.0,DEBIT,True,2025-12-14 09:34:12.687134+00:00,2025-12-14 09:34:12.687141+00:00
277,14,314,Cost of Goods Sold,COGS,0.0,DEBIT,True,2025-12-14 09:39:54.551597+00:00,2025-12-14 09:39:54.551600+00:00
278,14,278,Opening Stock,OPENING_STOCK,0.0,DEBIT,True,2025-12-14 11:18:52.368812+00:00,2025-12-14 11:18:52.368823+00:00
99,14,280,Input VAT,INPUT_VAT,0.0,DEBIT,True,2025-11-25 09:13:02.123657+00:00,2025-12-14 13:30:40.970327+00:00
100,14,293,Output VAT,OUTPUT_VAT,0.0,CREDIT,True,2025-11-25 09:13:02.123662+00:00,2025-12-14 13:30:40.970329+00:00
101,14,295,VAT Payable,VAT_PAYABLE,0.0,CREDIT,True,2025-11-25 09:13:02.123666+00:00,2025-12-14 13:30:40.970331+00:00
102,14,282,VAT Receivable,VAT_RECEIVABLE,0.0,DEBIT,True,2025-11-25 09:13:02.123670+00:00,2025-12-14 13:30:40.970333+00:00
103,14,293,Duties & Taxes,DUTIES_TAXES,0.0,CREDIT,True,2025-11-25 09:13:02.123674+00:00,2025-12-14 13:30:40.970336+00:00
104,14,309,Service Charge,SERVICE_CHARGE,0.0,CREDIT,True,2025-11-25 09:13:02.123676+00:00,2025-12-14 13:30:40.970338+00:00
106,14,281,TDS Receivable,TDS_RECEIVABLE,0.0,DEBIT,True,2025-11-25 09:13:02.123681+00:00,2025-12-14 13:30:40.970342+00:00
107,14,308,Sales (Goods/Service),SALES,0.0,CREDIT,True,2025-11-25 09:13:02.123683+00:00,2025-12-14 13:30:40.970344+00:00
108,14,315,Purchase (Goods/Service),PURCHASES,0.0,DEBIT,True,2025-11-25 09:13:02.123686+00:00,2025-12-14 13:30:40.970346+00:00
109,14,308,Sales Return,SALES_RETURN,0.0,CREDIT,True,2025-11-25 09:13:02.123688+00:00,2025-12-14 13:30:40.970348+00:00
110,14,315,Purchase Return,PURCHASE_RETURN,0.0,DEBIT,True,2025-11-25 09:13:02.123691+00:00,2025-12-14 13:30:40.970350+00:00
111,14,329,Discount Allowed,DISCOUNT_ALLOWED,0.0,DEBIT,True,2025-11-25 09:13:02.123695+00:00,2025-12-14 13:30:40.970352+00:00
112,14,311,Discount Received,DISCOUNT_RECEIVED,0.0,CREDIT,True,2025-11-25 09:13:02.123699+00:00,2025-12-14 13:30:40.970355+00:00
124,14,304,Capital Account,CAPITAL,0.0,CREDIT,True,2025-11-25 09:13:02.123738+00:00,2025-12-14 13:30:40.970357+00:00
125,14,305,Drawings,DRAWINGS,0.0,CREDIT,True,2025-11-25 09:13:02.123742+00:00,2025-12-14 13:30:40.970359+00:00
126,14,306,Retained Earnings,RETAINED_EARNINGS,0.0,CREDIT,True,2025-11-25 09:13:02.123746+00:00,2025-12-14 13:30:40.970361+00:00
499,14,292,Supplier B,,0.0,DEBIT,True,2025-12-16 08:20:48.252141+00:00,2025-12-16 08:20:48.252151+00:00
645,14,275,Walking Customer,,0.0,DEBIT,True,2026-02-13 23:11:18.568457+00:00,2026-02-13 23:11:18.568461+00:00
646,14,292,Suppliers,SUPPLIERS,0.0,CREDIT,True,2026-02-15 09:00:37.984091+00:00,2026-02-15 09:00:37.984105+00:00
652,27,1035,Sales,,0.0,DEBIT,True,2026-02-16 07:39:18.973570+00:00,2026-02-16 07:39:18.973571+00:00
654,28,1036,Sales,,0.0,DEBIT,True,2026-02-16 07:51:28.578959+00:00,2026-02-16 07:51:28.578960+00:00
123,14,309,Service Income,,0.0,CREDIT,True,2025-11-25 09:13:02.123734+00:00,2026-02-19 10:26:03.734307+00:00
665,14,1044,Printing Exp,,0.0,DEBIT,True,2026-02-21 02:01:33.518747+00:00,2026-02-21 02:01:33.518749+00:00
668,14,274,Global IME Bank,,0.0,DEBIT,True,2026-02-21 05:55:59.253450+00:00,2026-02-21 06:08:28.543915+00:00
669,37,1048,Cash,CASH,0.0,DEBIT,True,2026-02-23 11:57:34.390590+00:00,2026-02-23 11:57:34.390596+00:00
670,37,1048,Petty Cash,PETTY_CASH,0.0,DEBIT,True,2026-02-23 11:57:34.414492+00:00,2026-02-23 11:57:34.414498+00:00
671,37,1049,Bank A/C (Placeholder),DEFAULT_BANK,0.0,DEBIT,True,2026-02-23 11:57:34.417741+00:00,2026-02-23 11:57:34.417747+00:00
672,37,1050,Customers,CUSTOMERS,0.0,DEBIT,True,2026-02-23 11:57:34.420749+00:00,2026-02-23 11:57:34.420755+00:00
673,37,1067,Suppliers,SUPPLIERS,0.0,CREDIT,True,2026-02-23 11:57:34.424470+00:00,2026-02-23 11:57:34.424478+00:00
674,37,1055,Input Tax,INPUT_TAX,0.0,DEBIT,True,2026-02-23 11:57:34.428059+00:00,2026-02-23 11:57:34.428065+00:00
675,37,1068,Output Tax,OUTPUT_TAX,0.0,CREDIT,True,2026-02-23 11:57:34.431670+00:00,2026-02-23 11:57:34.431678+00:00
676,37,1068,Tax Payable,TAX_PAYABLE,0.0,CREDIT,True,2026-02-23 11:57:34.436868+00:00,2026-02-23 11:57:34.436879+00:00
677,37,1055,Tax Receivable,TAX_RECEIVABLE,0.0,DEBIT,True,2026-02-23 11:57:34.441317+00:00,2026-02-23 11:57:34.441327+00:00
678,37,1084,Service Charge,SERVICE_CHARGE,0.0,CREDIT,True,2026-02-23 11:57:34.446600+00:00,2026-02-23 11:57:34.446606+00:00
679,37,1083,Sales (Goods/Service),SALES,0.0,CREDIT,True,2026-02-23 11:57:34.449674+00:00,2026-02-23 11:57:34.449680+00:00
680,37,1090,Purchase (Goods/Service),PURCHASES,0.0,DEBIT,True,2026-02-23 11:57:34.452601+00:00,2026-02-23 11:57:34.452607+00:00
681,37,1083,Sales Return,SALES_RETURN,0.0,CREDIT,True,2026-02-23 11:57:34.457818+00:00,2026-02-23 11:57:34.457831+00:00
682,37,1090,Purchase Return,PURCHASE_RETURN,0.0,DEBIT,True,2026-02-23 11:57:34.462581+00:00,2026-02-23 11:57:34.462592+00:00
683,37,1104,Discount Allowed,DISCOUNT_ALLOWED,0.0,DEBIT,True,2026-02-23 11:57:34.466131+00:00,2026-02-23 11:57:34.466140+00:00
684,37,1086,Discount Received,DISCOUNT_RECEIVED,0.0,CREDIT,True,2026-02-23 11:57:34.469494+00:00,2026-02-23 11:57:34.469504+00:00
685,37,1095,Salary Expense,,0.0,DEBIT,True,2026-02-23 11:57:34.475333+00:00,2026-02-23 11:57:34.475343+00:00
686,37,1096,Office Rent,,0.0,DEBIT,True,2026-02-23 11:57:34.480730+00:00,2026-02-23 11:57:34.480739+00:00
687,37,1097,Electricity Expense,,0.0,DEBIT,True,2026-02-23 11:57:34.484414+00:00,2026-02-23 11:57:34.484423+00:00
688,37,1102,Internet Expense,,0.0,DEBIT,True,2026-02-23 11:57:34.489585+00:00,2026-02-23 11:57:34.489595+00:00
689,37,1100,Travel Expense,,0.0,DEBIT,True,2026-02-23 11:57:34.495461+00:00,2026-02-23 11:57:34.495471+00:00
690,37,1094,Printing & Stationery,,0.0,DEBIT,True,2026-02-23 11:57:34.498971+00:00,2026-02-23 11:57:34.498977+00:00
691,37,1098,Repair & Maintenance,,0.0,DEBIT,True,2026-02-23 11:57:34.502369+00:00,2026-02-23 11:57:34.502378+00:00
692,37,1103,Miscellaneous Expense,,0.0,DEBIT,True,2026-02-23 11:57:34.507899+00:00,2026-02-23 11:57:34.507909+00:00
693,37,1087,Commission Income,,0.0,CREDIT,True,2026-02-23 11:57:34.513626+00:00,2026-02-23 11:57:34.513636+00:00
694,37,1084,Interest Income,,0.0,CREDIT,True,2026-02-23 11:57:34.516643+00:00,2026-02-23 11:57:34.516652+00:00
695,37,1085,Service Income,,0.0,CREDIT,True,2026-02-23 11:57:34.520670+00:00,2026-02-23 11:57:34.520679+00:00
696,37,1079,Capital Account,CAPITAL,0.0,CREDIT,True,2026-02-23 11:57:34.526011+00:00,2026-02-23 11:57:34.526025+00:00
697,37,1080,Drawings,DRAWINGS,0.0,CREDIT,True,2026-02-23 11:57:34.530434+00:00,2026-02-23 11:57:34.530443+00:00
698,37,1081,Retained Earnings,RETAINED_EARNINGS,0.0,CREDIT,True,2026-02-23 11:57:34.533794+00:00,2026-02-23 11:57:34.533809+00:00
699,38,1108,Cash,CASH,0.0,DEBIT,True,2026-02-23 11:58:50.919055+00:00,2026-02-23 11:58:50.919065+00:00
700,38,1108,Petty Cash,PETTY_CASH,0.0,DEBIT,True,2026-02-23 11:58:50.922891+00:00,2026-02-23 11:58:50.922900+00:00
701,38,1109,Bank A/C (Placeholder),DEFAULT_BANK,0.0,DEBIT,True,2026-02-23 11:58:50.929841+00:00,2026-02-23 11:58:50.929861+00:00
702,38,1110,Customers,CUSTOMERS,0.0,DEBIT,True,2026-02-23 11:58:50.936279+00:00,2026-02-23 11:58:50.936289+00:00
703,38,1127,Suppliers,SUPPLIERS,0.0,CREDIT,True,2026-02-23 11:58:50.946638+00:00,2026-02-23 11:58:50.946648+00:00
704,38,1115,Input Tax,INPUT_TAX,0.0,DEBIT,True,2026-02-23 11:58:50.955211+00:00,2026-02-23 11:58:50.955232+00:00
705,38,1128,Output Tax,OUTPUT_TAX,0.0,CREDIT,True,2026-02-23 11:58:50.964300+00:00,2026-02-23 11:58:50.964315+00:00
706,38,1128,Tax Payable,TAX_PAYABLE,0.0,CREDIT,True,2026-02-23 11:58:50.972088+00:00,2026-02-23 11:58:50.972099+00:00
707,38,1115,Tax Receivable,TAX_RECEIVABLE,0.0,DEBIT,True,2026-02-23 11:58:50.977214+00:00,2026-02-23 11:58:50.977230+00:00
708,38,1144,Service Charge,SERVICE_CHARGE,0.0,CREDIT,True,2026-02-23 11:58:50.983149+00:00,2026-02-23 11:58:50.983166+00:00
709,38,1143,Sales (Goods/Service),SALES,0.0,CREDIT,True,2026-02-23 11:58:50.988794+00:00,2026-02-23 11:58:50.988803+00:00
710,38,1150,Purchase (Goods/Service),PURCHASES,0.0,DEBIT,True,2026-02-23 11:58:50.993921+00:00,2026-02-23 11:58:50.993931+00:00
711,38,1143,Sales Return,SALES_RETURN,0.0,CREDIT,True,2026-02-23 11:58:51.000771+00:00,2026-02-23 11:58:51.000780+00:00
712,38,1150,Purchase Return,PURCHASE_RETURN,0.0,DEBIT,True,2026-02-23 11:58:51.007508+00:00,2026-02-23 11:58:51.007519+00:00
713,38,1164,Discount Allowed,DISCOUNT_ALLOWED,0.0,DEBIT,True,2026-02-23 11:58:51.012447+00:00,2026-02-23 11:58:51.012457+00:00
714,38,1146,Discount Received,DISCOUNT_RECEIVED,0.0,CREDIT,True,2026-02-23 11:58:51.019615+00:00,2026-02-23 11:58:51.019630+00:00
715,38,1155,Salary Expense,,0.0,DEBIT,True,2026-02-23 11:58:51.025018+00:00,2026-02-23 11:58:51.025029+00:00
716,38,1156,Office Rent,,0.0,DEBIT,True,2026-02-23 11:58:51.030063+00:00,2026-02-23 11:58:51.030093+00:00
717,38,1157,Electricity Expense,,0.0,DEBIT,True,2026-02-23 11:58:51.036133+00:00,2026-02-23 11:58:51.036144+00:00
718,38,1162,Internet Expense,,0.0,DEBIT,True,2026-02-23 11:58:51.042054+00:00,2026-02-23 11:58:51.042072+00:00
719,38,1160,Travel Expense,,0.0,DEBIT,True,2026-02-23 11:58:51.047684+00:00,2026-02-23 11:58:51.047701+00:00
720,38,1154,Printing & Stationery,,0.0,DEBIT,True,2026-02-23 11:58:51.055312+00:00,2026-02-23 11:58:51.055322+00:00
721,38,1158,Repair & Maintenance,,0.0,DEBIT,True,2026-02-23 11:58:51.059669+00:00,2026-02-23 11:58:51.059678+00:00
722,38,1163,Miscellaneous Expense,,0.0,DEBIT,True,2026-02-23 11:58:51.065875+00:00,2026-02-23 11:58:51.065884+00:00
723,38,1147,Commission Income,,0.0,CREDIT,True,2026-02-23 11:58:51.072916+00:00,2026-02-23 11:58:51.072926+00:00
724,38,1144,Interest Income,,0.0,CREDIT,True,2026-02-23 11:58:51.077156+00:00,2026-02-23 11:58:51.077166+00:00
725,38,1145,Service Income,,0.0,CREDIT,True,2026-02-23 11:58:51.083241+00:00,2026-02-23 11:58:51.083253+00:00
726,38,1139,Capital Account,CAPITAL,0.0,CREDIT,True,2026-02-23 11:58:51.090409+00:00,2026-02-23 11:58:51.090418+00:00
727,38,1140,Drawings,DRAWINGS,0.0,CREDIT,True,2026-02-23 11:58:51.094475+00:00,2026-02-23 11:58:51.094482+00:00
728,38,1141,Retained Earnings,RETAINED_EARNINGS,0.0,CREDIT,True,2026-02-23 11:58:51.100859+00:00,2026-02-23 11:58:51.100869+00:00
729,4,737,Delivery Partner: Test Partner 1accda,,0.0,DEBIT,True,2026-02-24 11:29:58.776259+00:00,2026-02-24 11:29:58.776270+00:00
730,14,275,Delivery Partner: Pathao,,0.0,DEBIT,True,2026-02-26 03:04:52.384185+00:00,2026-02-26 03:04:52.384190+00:00
731,14,275,Josh,,0.0,DEBIT,True,2026-02-26 03:22:14.642733+00:00,2026-02-26 03:22:14.642742+00:00
732,14,275,Naresh Sah,,0.0,DEBIT,True,2026-02-26 03:22:14.648095+00:00,2026-02-26 03:22:14.648099+00:00
733,14,275,rabi,,0.0,DEBIT,True,2026-02-26 03:22:14.653614+00:00,2026-02-26 03:22:14.653619+00:00
734,14,275,john,,0.0,DEBIT,True,2026-02-26 03:22:14.659218+00:00,2026-02-26 03:22:14.659225+00:00
735,14,275,Manish Kafle,,0.0,DEBIT,True,2026-02-26 03:22:14.663442+00:00,2026-02-26 03:22:14.663447+00:00
736,14,275,Narendra,,0.0,DEBIT,True,2026-02-26 08:27:03.774681+00:00,2026-02-26 08:27:03.774686+00:00
737,14,292,Yamaha Show Room,,0.0,CREDIT,True,2026-02-28 04:22:57.014211+00:00,2026-02-28 04:22:57.014225+00:00
738,14,283,Fixed Assets Ledger,FA-DEFAULT,0.0,DEBIT,True,2026-02-28 11:03:13.792469+00:00,2026-02-28 11:03:13.792469+00:00
739,14,319,Depreciation Expense,DEPRECIATION_EXPENSE,0.0,DEBIT,True,2026-02-28 07:15:37.909676+00:00,2026-02-28 07:15:37.909680+00:00
740,14,1166,Accumulated Depreciation,ACCUM_DEPRECIATION,0.0,DEBIT,True,2026-02-28 07:15:37.913943+00:00,2026-02-28 07:15:37.913947+00:00
666,14,1045,Share Capital,,0.0,CREDIT,True,2026-02-21 02:33:14.706809+00:00,2026-03-02 22:17:06.540257+00:00
651,27,1035,Cash,CASH,0.0,DEBIT,True,2026-02-16 07:39:18.973565+00:00,2026-03-24 22:56:17.919837+00:00
653,28,1036,Cash,CASH,0.0,DEBIT,True,2026-02-16 07:51:28.578954+00:00,2026-03-24 22:56:18.170987+00:00
741,14,283,Computer Assets,,0.0,DEBIT,True,2026-03-02 11:21:20.144990+00:00,2026-03-02 11:21:20.145004+00:00
742,14,289,Bike,,0.0,DEBIT,True,2026-03-02 11:25:41.195609+00:00,2026-03-02 11:25:41.195619+00:00
667,14,1045,Reserve and Surplus,,0.0,DEBIT,True,2026-02-21 02:33:44.687469+00:00,2026-03-02 22:17:00.301861+00:00
743,39,1169,Cash,CASH,0.0,DEBIT,True,2026-03-09 06:39:51.564973+00:00,2026-03-09 06:39:51.564977+00:00
744,39,1169,Petty Cash,PETTY_CASH,0.0,DEBIT,True,2026-03-09 06:39:51.580580+00:00,2026-03-09 06:39:51.580584+00:00
745,39,1170,Bank A/C (Placeholder),DEFAULT_BANK,0.0,DEBIT,True,2026-03-09 06:39:51.583166+00:00,2026-03-09 06:39:51.583169+00:00
746,39,1174,Opening Stock,OPENING_STOCK,0.0,DEBIT,True,2026-03-09 06:39:51.585201+00:00,2026-03-09 06:39:51.585204+00:00
747,39,1174,Closing Stock,CLOSING_STOCK,0.0,DEBIT,True,2026-03-09 06:39:51.587445+00:00,2026-03-09 06:39:51.587448+00:00
748,39,1171,Customers,CUSTOMERS,0.0,DEBIT,True,2026-03-09 06:39:51.589911+00:00,2026-03-09 06:39:51.589915+00:00
749,39,1189,Suppliers,SUPPLIERS,0.0,CREDIT,True,2026-03-09 06:39:51.592179+00:00,2026-03-09 06:39:51.592183+00:00
750,39,1176,Input VAT,INPUT_VAT,0.0,DEBIT,True,2026-03-09 06:39:51.594360+00:00,2026-03-09 06:39:51.594363+00:00
751,39,1190,Output VAT,OUTPUT_VAT,0.0,CREDIT,True,2026-03-09 06:39:51.596449+00:00,2026-03-09 06:39:51.596452+00:00
752,39,1192,VAT Payable,VAT_PAYABLE,0.0,CREDIT,True,2026-03-09 06:39:51.598810+00:00,2026-03-09 06:39:51.598813+00:00
753,39,1178,VAT Receivable,VAT_RECEIVABLE,0.0,DEBIT,True,2026-03-09 06:39:51.601175+00:00,2026-03-09 06:39:51.601179+00:00
754,39,1190,Duties & Taxes,DUTIES_TAXES,0.0,CREDIT,True,2026-03-09 06:39:51.603549+00:00,2026-03-09 06:39:51.603552+00:00
755,39,1206,Service Charge,SERVICE_CHARGE,0.0,CREDIT,True,2026-03-09 06:39:51.606456+00:00,2026-03-09 06:39:51.606460+00:00
756,39,1191,TDS Payable,TDS_PAYABLE,0.0,CREDIT,True,2026-03-09 06:39:51.609015+00:00,2026-03-09 06:39:51.609018+00:00
757,39,1177,TDS Receivable,TDS_RECEIVABLE,0.0,DEBIT,True,2026-03-09 06:39:51.610901+00:00,2026-03-09 06:39:51.610904+00:00
758,39,1205,Sales (Goods/Service),SALES,0.0,CREDIT,True,2026-03-09 06:39:51.613117+00:00,2026-03-09 06:39:51.613120+00:00
759,39,1212,Purchase (Goods/Service),PURCHASES,0.0,DEBIT,True,2026-03-09 06:39:51.615600+00:00,2026-03-09 06:39:51.615605+00:00
760,39,1205,Sales Return,SALES_RETURN,0.0,CREDIT,True,2026-03-09 06:39:51.617799+00:00,2026-03-09 06:39:51.617802+00:00
761,39,1212,Purchase Return,PURCHASE_RETURN,0.0,DEBIT,True,2026-03-09 06:39:51.619759+00:00,2026-03-09 06:39:51.619762+00:00
762,39,1226,Discount Allowed,DISCOUNT_ALLOWED,0.0,DEBIT,True,2026-03-09 06:39:51.621834+00:00,2026-03-09 06:39:51.621840+00:00
763,39,1208,Discount Received,DISCOUNT_RECEIVED,0.0,CREDIT,True,2026-03-09 06:39:51.624360+00:00,2026-03-09 06:39:51.624363+00:00
764,39,1217,Salary Expense,,0.0,DEBIT,True,2026-03-09 06:39:51.626464+00:00,2026-03-09 06:39:51.626467+00:00
765,39,1218,Office Rent,,0.0,DEBIT,True,2026-03-09 06:39:51.628537+00:00,2026-03-09 06:39:51.628541+00:00
766,39,1219,Electricity Expense,,0.0,DEBIT,True,2026-03-09 06:39:51.630801+00:00,2026-03-09 06:39:51.630805+00:00
767,39,1224,Internet Expense,,0.0,DEBIT,True,2026-03-09 06:39:51.633286+00:00,2026-03-09 06:39:51.633290+00:00
768,39,1222,Travel Expense,,0.0,DEBIT,True,2026-03-09 06:39:51.635595+00:00,2026-03-09 06:39:51.635598+00:00
769,39,1216,Printing & Stationery,,0.0,DEBIT,True,2026-03-09 06:39:51.637897+00:00,2026-03-09 06:39:51.637901+00:00
770,39,1220,Repair & Maintenance,,0.0,DEBIT,True,2026-03-09 06:39:51.640401+00:00,2026-03-09 06:39:51.640404+00:00
771,39,1225,Miscellaneous Expense,,0.0,DEBIT,True,2026-03-09 06:39:51.642700+00:00,2026-03-09 06:39:51.642704+00:00
772,39,1209,Commission Income,,0.0,CREDIT,True,2026-03-09 06:39:51.644871+00:00,2026-03-09 06:39:51.644874+00:00
773,39,1206,Interest Income,,0.0,CREDIT,True,2026-03-09 06:39:51.647493+00:00,2026-03-09 06:39:51.647496+00:00
774,39,1207,Service Income,,0.0,CREDIT,True,2026-03-09 06:39:51.649540+00:00,2026-03-09 06:39:51.649544+00:00
775,39,1216,Depreciation Expense,DEPRECIATION_EXPENSE,0.0,DEBIT,True,2026-03-09 06:39:51.651713+00:00,2026-03-09 06:39:51.651717+00:00
776,39,1186,Accumulated Depreciation,ACCUM_DEPRECIATION,0.0,DEBIT,True,2026-03-09 06:39:51.654058+00:00,2026-03-09 06:39:51.654063+00:00
777,39,1201,Capital Account,CAPITAL,0.0,CREDIT,True,2026-03-09 06:39:51.656545+00:00,2026-03-09 06:39:51.656548+00:00
778,39,1202,Drawings,DRAWINGS,0.0,CREDIT,True,2026-03-09 06:39:51.658650+00:00,2026-03-09 06:39:51.658661+00:00
779,39,1203,Retained Earnings,RETAINED_EARNINGS,0.0,CREDIT,True,2026-03-09 06:39:51.661072+00:00,2026-03-09 06:39:51.661076+00:00
780,23,472,Informix,,0.0,CREDIT,True,2026-03-11 09:07:43.599476+00:00,2026-03-11 09:07:43.599488+00:00
781,6,577,Depreciation Expense,DEPRECIATION_EXPENSE,0.0,DEBIT,True,2026-03-14 04:27:26.760491+00:00,2026-03-14 04:27:26.760496+00:00
782,6,1228,Accumulated Depreciation,ACCUM_DEPRECIATION,0.0,DEBIT,True,2026-03-14 04:27:26.777076+00:00,2026-03-14 04:27:26.777080+00:00
783,14,274,E-Sewa,,0.0,DEBIT,True,2026-03-15 02:28:38.046974+00:00,2026-03-15 02:28:38.046980+00:00
784,14,274,Khalti,,0.0,DEBIT,True,2026-03-15 02:28:56.033130+00:00,2026-03-15 02:28:56.033137+00:00
785,1,661,Depreciation Expense,DEPRECIATION_EXPENSE,0.0,DEBIT,True,2026-03-24 22:56:15.875685+00:00,2026-03-24 22:56:15.875694+00:00
786,1,1229,Accumulated Depreciation,ACCUM_DEPRECIATION,0.0,DEBIT,True,2026-03-24 22:56:15.894249+00:00,2026-03-24 22:56:15.894254+00:00
787,3,721,Depreciation Expense,DEPRECIATION_EXPENSE,0.0,DEBIT,True,2026-03-24 22:56:16.112254+00:00,2026-03-24 22:56:16.112259+00:00
788,3,1230,Accumulated Depreciation,ACCUM_DEPRECIATION,0.0,DEBIT,True,2026-03-24 22:56:16.114157+00:00,2026-03-24 22:56:16.114161+00:00
789,4,781,Depreciation Expense,DEPRECIATION_EXPENSE,0.0,DEBIT,True,2026-03-24 22:56:16.248283+00:00,2026-03-24 22:56:16.248287+00:00
790,4,1231,Accumulated Depreciation,ACCUM_DEPRECIATION,0.0,DEBIT,True,2026-03-24 22:56:16.250360+00:00,2026-03-24 22:56:16.250364+00:00
791,5,841,Depreciation Expense,DEPRECIATION_EXPENSE,0.0,DEBIT,True,2026-03-24 22:56:16.402007+00:00,2026-03-24 22:56:16.402012+00:00
792,5,1232,Accumulated Depreciation,ACCUM_DEPRECIATION,0.0,DEBIT,True,2026-03-24 22:56:16.404360+00:00,2026-03-24 22:56:16.404364+00:00
794,16,901,Depreciation Expense,DEPRECIATION_EXPENSE,0.0,DEBIT,True,2026-03-24 22:56:16.781270+00:00,2026-03-24 22:56:16.781273+00:00
795,16,1233,Accumulated Depreciation,ACCUM_DEPRECIATION,0.0,DEBIT,True,2026-03-24 22:56:16.783039+00:00,2026-03-24 22:56:16.783043+00:00
796,17,961,Depreciation Expense,DEPRECIATION_EXPENSE,0.0,DEBIT,True,2026-03-24 22:56:16.905845+00:00,2026-03-24 22:56:16.905849+00:00
797,17,1234,Accumulated Depreciation,ACCUM_DEPRECIATION,0.0,DEBIT,True,2026-03-24 22:56:16.907739+00:00,2026-03-24 22:56:16.907743+00:00
798,18,1021,Depreciation Expense,DEPRECIATION_EXPENSE,0.0,DEBIT,True,2026-03-24 22:56:17.032122+00:00,2026-03-24 22:56:17.032126+00:00
799,18,1235,Accumulated Depreciation,ACCUM_DEPRECIATION,0.0,DEBIT,True,2026-03-24 22:56:17.034113+00:00,2026-03-24 22:56:17.034117+00:00
800,19,139,Depreciation Expense,DEPRECIATION_EXPENSE,0.0,DEBIT,True,2026-03-24 22:56:17.148600+00:00,2026-03-24 22:56:17.148604+00:00
801,19,1236,Accumulated Depreciation,ACCUM_DEPRECIATION,0.0,DEBIT,True,2026-03-24 22:56:17.150536+00:00,2026-03-24 22:56:17.150539+00:00
802,20,199,Depreciation Expense,DEPRECIATION_EXPENSE,0.0,DEBIT,True,2026-03-24 22:56:17.276473+00:00,2026-03-24 22:56:17.276477+00:00
803,20,1237,Accumulated Depreciation,ACCUM_DEPRECIATION,0.0,DEBIT,True,2026-03-24 22:56:17.278468+00:00,2026-03-24 22:56:17.278473+00:00
804,21,379,Depreciation Expense,DEPRECIATION_EXPENSE,0.0,DEBIT,True,2026-03-24 22:56:17.396667+00:00,2026-03-24 22:56:17.396677+00:00
805,21,1238,Accumulated Depreciation,ACCUM_DEPRECIATION,0.0,DEBIT,True,2026-03-24 22:56:17.399539+00:00,2026-03-24 22:56:17.399543+00:00
806,22,439,Depreciation Expense,DEPRECIATION_EXPENSE,0.0,DEBIT,True,2026-03-24 22:56:17.516374+00:00,2026-03-24 22:56:17.516378+00:00
807,22,1239,Accumulated Depreciation,ACCUM_DEPRECIATION,0.0,DEBIT,True,2026-03-24 22:56:17.518210+00:00,2026-03-24 22:56:17.518214+00:00
808,23,499,Depreciation Expense,DEPRECIATION_EXPENSE,0.0,DEBIT,True,2026-03-24 22:56:17.632382+00:00,2026-03-24 22:56:17.632391+00:00
809,23,1240,Accumulated Depreciation,ACCUM_DEPRECIATION,0.0,DEBIT,True,2026-03-24 22:56:17.634505+00:00,2026-03-24 22:56:17.634509+00:00
810,24,559,Depreciation Expense,DEPRECIATION_EXPENSE,0.0,DEBIT,True,2026-03-24 22:56:17.765993+00:00,2026-03-24 22:56:17.765998+00:00
811,24,1241,Accumulated Depreciation,ACCUM_DEPRECIATION,0.0,DEBIT,True,2026-03-24 22:56:17.767908+00:00,2026-03-24 22:56:17.767912+00:00
812,27,1244,Petty Cash,PETTY_CASH,0.0,DEBIT,True,2026-03-24 22:56:17.922217+00:00,2026-03-24 22:56:17.922224+00:00
813,27,1245,Bank A/C (Placeholder),DEFAULT_BANK,0.0,DEBIT,True,2026-03-24 22:56:17.924726+00:00,2026-03-24 22:56:17.924730+00:00
814,27,1246,Customers,CUSTOMERS,0.0,DEBIT,True,2026-03-24 22:56:17.927137+00:00,2026-03-24 22:56:17.927142+00:00
815,27,1264,Suppliers,SUPPLIERS,0.0,CREDIT,True,2026-03-24 22:56:17.930000+00:00,2026-03-24 22:56:17.930004+00:00
816,27,1251,Input Tax,INPUT_TAX,0.0,DEBIT,True,2026-03-24 22:56:17.932255+00:00,2026-03-24 22:56:17.932260+00:00
817,27,1265,Output Tax,OUTPUT_TAX,0.0,CREDIT,True,2026-03-24 22:56:17.934978+00:00,2026-03-24 22:56:17.934983+00:00
818,27,1265,Tax Payable,TAX_PAYABLE,0.0,CREDIT,True,2026-03-24 22:56:17.936889+00:00,2026-03-24 22:56:17.936893+00:00
819,27,1251,Tax Receivable,TAX_RECEIVABLE,0.0,DEBIT,True,2026-03-24 22:56:17.938963+00:00,2026-03-24 22:56:17.938968+00:00
820,27,1281,Service Charge,SERVICE_CHARGE,0.0,CREDIT,True,2026-03-24 22:56:17.941688+00:00,2026-03-24 22:56:17.941693+00:00
821,27,1280,Sales (Goods/Service),SALES,0.0,CREDIT,True,2026-03-24 22:56:17.944209+00:00,2026-03-24 22:56:17.944214+00:00
822,27,1287,Purchase (Goods/Service),PURCHASES,0.0,DEBIT,True,2026-03-24 22:56:17.946340+00:00,2026-03-24 22:56:17.946345+00:00
823,27,1280,Sales Return,SALES_RETURN,0.0,CREDIT,True,2026-03-24 22:56:17.948386+00:00,2026-03-24 22:56:17.948391+00:00
824,27,1287,Purchase Return,PURCHASE_RETURN,0.0,DEBIT,True,2026-03-24 22:56:17.950576+00:00,2026-03-24 22:56:17.950581+00:00
825,27,1301,Discount Allowed,DISCOUNT_ALLOWED,0.0,DEBIT,True,2026-03-24 22:56:17.952927+00:00,2026-03-24 22:56:17.952933+00:00
826,27,1283,Discount Received,DISCOUNT_RECEIVED,0.0,CREDIT,True,2026-03-24 22:56:17.955399+00:00,2026-03-24 22:56:17.955404+00:00
827,27,1292,Salary Expense,,0.0,DEBIT,True,2026-03-24 22:56:17.957800+00:00,2026-03-24 22:56:17.957806+00:00
828,27,1293,Office Rent,,0.0,DEBIT,True,2026-03-24 22:56:17.960830+00:00,2026-03-24 22:56:17.960837+00:00
829,27,1294,Electricity Expense,,0.0,DEBIT,True,2026-03-24 22:56:17.962990+00:00,2026-03-24 22:56:17.962994+00:00
830,27,1299,Internet Expense,,0.0,DEBIT,True,2026-03-24 22:56:17.965070+00:00,2026-03-24 22:56:17.965075+00:00
831,27,1297,Travel Expense,,0.0,DEBIT,True,2026-03-24 22:56:17.967257+00:00,2026-03-24 22:56:17.967262+00:00
832,27,1291,Printing & Stationery,,0.0,DEBIT,True,2026-03-24 22:56:17.969307+00:00,2026-03-24 22:56:17.969312+00:00
833,27,1295,Repair & Maintenance,,0.0,DEBIT,True,2026-03-24 22:56:17.971358+00:00,2026-03-24 22:56:17.971363+00:00
834,27,1300,Miscellaneous Expense,,0.0,DEBIT,True,2026-03-24 22:56:17.973822+00:00,2026-03-24 22:56:17.973827+00:00
835,27,1284,Commission Income,,0.0,CREDIT,True,2026-03-24 22:56:17.975951+00:00,2026-03-24 22:56:17.975955+00:00
836,27,1281,Interest Income,,0.0,CREDIT,True,2026-03-24 22:56:17.978128+00:00,2026-03-24 22:56:17.978133+00:00
837,27,1282,Service Income,,0.0,CREDIT,True,2026-03-24 22:56:17.980328+00:00,2026-03-24 22:56:17.980333+00:00
838,27,1291,Depreciation Expense,DEPRECIATION_EXPENSE,0.0,DEBIT,True,2026-03-24 22:56:17.983130+00:00,2026-03-24 22:56:17.983134+00:00
839,27,1261,Accumulated Depreciation,ACCUM_DEPRECIATION,0.0,DEBIT,True,2026-03-24 22:56:17.985887+00:00,2026-03-24 22:56:17.985892+00:00
840,27,1276,Capital Account,CAPITAL,0.0,CREDIT,True,2026-03-24 22:56:17.988778+00:00,2026-03-24 22:56:17.988785+00:00
841,27,1277,Drawings,DRAWINGS,0.0,CREDIT,True,2026-03-24 22:56:17.991537+00:00,2026-03-24 22:56:17.991543+00:00
842,27,1278,Retained Earnings,RETAINED_EARNINGS,0.0,CREDIT,True,2026-03-24 22:56:17.994088+00:00,2026-03-24 22:56:17.994092+00:00
970,37,1094,Depreciation Expense,DEPRECIATION_EXPENSE,0.0,DEBIT,True,2026-03-24 22:56:19.009784+00:00,2026-03-24 22:56:19.009789+00:00
971,37,1547,Accumulated Depreciation,ACCUM_DEPRECIATION,0.0,DEBIT,True,2026-03-24 22:56:19.011506+00:00,2026-03-24 22:56:19.011510+00:00
972,38,1154,Depreciation Expense,DEPRECIATION_EXPENSE,0.0,DEBIT,True,2026-03-24 22:56:19.132046+00:00,2026-03-24 22:56:19.132050+00:00
973,38,1548,Accumulated Depreciation,ACCUM_DEPRECIATION,0.0,DEBIT,True,2026-03-24 22:56:19.134360+00:00,2026-03-24 22:56:19.134364+00:00
843,28,1305,Petty Cash,PETTY_CASH,0.0,DEBIT,True,2026-03-24 22:56:18.173527+00:00,2026-03-24 22:56:18.173533+00:00
844,28,1306,Bank A/C (Placeholder),DEFAULT_BANK,0.0,DEBIT,True,2026-03-24 22:56:18.175964+00:00,2026-03-24 22:56:18.175970+00:00
845,28,1307,Customers,CUSTOMERS,0.0,DEBIT,True,2026-03-24 22:56:18.179861+00:00,2026-03-24 22:56:18.179870+00:00
846,28,1325,Suppliers,SUPPLIERS,0.0,CREDIT,True,2026-03-24 22:56:18.183152+00:00,2026-03-24 22:56:18.183160+00:00
847,28,1312,Input Tax,INPUT_TAX,0.0,DEBIT,True,2026-03-24 22:56:18.186091+00:00,2026-03-24 22:56:18.186097+00:00
848,28,1326,Output Tax,OUTPUT_TAX,0.0,CREDIT,True,2026-03-24 22:56:18.188806+00:00,2026-03-24 22:56:18.188811+00:00
849,28,1326,Tax Payable,TAX_PAYABLE,0.0,CREDIT,True,2026-03-24 22:56:18.191045+00:00,2026-03-24 22:56:18.191050+00:00
850,28,1312,Tax Receivable,TAX_RECEIVABLE,0.0,DEBIT,True,2026-03-24 22:56:18.193327+00:00,2026-03-24 22:56:18.193332+00:00
851,28,1342,Service Charge,SERVICE_CHARGE,0.0,CREDIT,True,2026-03-24 22:56:18.196089+00:00,2026-03-24 22:56:18.196094+00:00
852,28,1341,Sales (Goods/Service),SALES,0.0,CREDIT,True,2026-03-24 22:56:18.198230+00:00,2026-03-24 22:56:18.198235+00:00
853,28,1348,Purchase (Goods/Service),PURCHASES,0.0,DEBIT,True,2026-03-24 22:56:18.200376+00:00,2026-03-24 22:56:18.200381+00:00
854,28,1341,Sales Return,SALES_RETURN,0.0,CREDIT,True,2026-03-24 22:56:18.202537+00:00,2026-03-24 22:56:18.202541+00:00
855,28,1348,Purchase Return,PURCHASE_RETURN,0.0,DEBIT,True,2026-03-24 22:56:18.204629+00:00,2026-03-24 22:56:18.204634+00:00
856,28,1362,Discount Allowed,DISCOUNT_ALLOWED,0.0,DEBIT,True,2026-03-24 22:56:18.206621+00:00,2026-03-24 22:56:18.206626+00:00
857,28,1344,Discount Received,DISCOUNT_RECEIVED,0.0,CREDIT,True,2026-03-24 22:56:18.208662+00:00,2026-03-24 22:56:18.208666+00:00
858,28,1353,Salary Expense,,0.0,DEBIT,True,2026-03-24 22:56:18.212201+00:00,2026-03-24 22:56:18.212206+00:00
859,28,1354,Office Rent,,0.0,DEBIT,True,2026-03-24 22:56:18.214216+00:00,2026-03-24 22:56:18.214222+00:00
860,28,1355,Electricity Expense,,0.0,DEBIT,True,2026-03-24 22:56:18.216291+00:00,2026-03-24 22:56:18.216296+00:00
861,28,1360,Internet Expense,,0.0,DEBIT,True,2026-03-24 22:56:18.218645+00:00,2026-03-24 22:56:18.218649+00:00
862,28,1358,Travel Expense,,0.0,DEBIT,True,2026-03-24 22:56:18.220737+00:00,2026-03-24 22:56:18.220742+00:00
863,28,1352,Printing & Stationery,,0.0,DEBIT,True,2026-03-24 22:56:18.222635+00:00,2026-03-24 22:56:18.222640+00:00
864,28,1356,Repair & Maintenance,,0.0,DEBIT,True,2026-03-24 22:56:18.224656+00:00,2026-03-24 22:56:18.224661+00:00
865,28,1361,Miscellaneous Expense,,0.0,DEBIT,True,2026-03-24 22:56:18.227364+00:00,2026-03-24 22:56:18.227368+00:00
866,28,1345,Commission Income,,0.0,CREDIT,True,2026-03-24 22:56:18.229624+00:00,2026-03-24 22:56:18.229629+00:00
867,28,1342,Interest Income,,0.0,CREDIT,True,2026-03-24 22:56:18.231611+00:00,2026-03-24 22:56:18.231615+00:00
868,28,1343,Service Income,,0.0,CREDIT,True,2026-03-24 22:56:18.233988+00:00,2026-03-24 22:56:18.233996+00:00
869,28,1352,Depreciation Expense,DEPRECIATION_EXPENSE,0.0,DEBIT,True,2026-03-24 22:56:18.236662+00:00,2026-03-24 22:56:18.236667+00:00
870,28,1322,Accumulated Depreciation,ACCUM_DEPRECIATION,0.0,DEBIT,True,2026-03-24 22:56:18.239329+00:00,2026-03-24 22:56:18.239338+00:00
871,28,1337,Capital Account,CAPITAL,0.0,CREDIT,True,2026-03-24 22:56:18.243012+00:00,2026-03-24 22:56:18.243017+00:00
872,28,1338,Drawings,DRAWINGS,0.0,CREDIT,True,2026-03-24 22:56:18.245456+00:00,2026-03-24 22:56:18.245460+00:00
873,28,1339,Retained Earnings,RETAINED_EARNINGS,0.0,CREDIT,True,2026-03-24 22:56:18.247855+00:00,2026-03-24 22:56:18.247862+00:00
874,31,1366,Cash,CASH,0.0,DEBIT,True,2026-03-24 22:56:18.421748+00:00,2026-03-24 22:56:18.421753+00:00
875,31,1366,Petty Cash,PETTY_CASH,0.0,DEBIT,True,2026-03-24 22:56:18.424015+00:00,2026-03-24 22:56:18.424019+00:00
876,31,1367,Bank A/C (Placeholder),DEFAULT_BANK,0.0,DEBIT,True,2026-03-24 22:56:18.426120+00:00,2026-03-24 22:56:18.426124+00:00
877,31,1368,Customers,CUSTOMERS,0.0,DEBIT,True,2026-03-24 22:56:18.428603+00:00,2026-03-24 22:56:18.428619+00:00
878,31,1386,Suppliers,SUPPLIERS,0.0,CREDIT,True,2026-03-24 22:56:18.431620+00:00,2026-03-24 22:56:18.431628+00:00
879,31,1373,Input Tax,INPUT_TAX,0.0,DEBIT,True,2026-03-24 22:56:18.434156+00:00,2026-03-24 22:56:18.434161+00:00
880,31,1387,Output Tax,OUTPUT_TAX,0.0,CREDIT,True,2026-03-24 22:56:18.436711+00:00,2026-03-24 22:56:18.436715+00:00
881,31,1387,Tax Payable,TAX_PAYABLE,0.0,CREDIT,True,2026-03-24 22:56:18.438754+00:00,2026-03-24 22:56:18.438758+00:00
882,31,1373,Tax Receivable,TAX_RECEIVABLE,0.0,DEBIT,True,2026-03-24 22:56:18.440506+00:00,2026-03-24 22:56:18.440510+00:00
883,31,1403,Service Charge,SERVICE_CHARGE,0.0,CREDIT,True,2026-03-24 22:56:18.442350+00:00,2026-03-24 22:56:18.442354+00:00
884,31,1402,Sales (Goods/Service),SALES,0.0,CREDIT,True,2026-03-24 22:56:18.444274+00:00,2026-03-24 22:56:18.444279+00:00
885,31,1409,Purchase (Goods/Service),PURCHASES,0.0,DEBIT,True,2026-03-24 22:56:18.446285+00:00,2026-03-24 22:56:18.446289+00:00
886,31,1402,Sales Return,SALES_RETURN,0.0,CREDIT,True,2026-03-24 22:56:18.448459+00:00,2026-03-24 22:56:18.448464+00:00
887,31,1409,Purchase Return,PURCHASE_RETURN,0.0,DEBIT,True,2026-03-24 22:56:18.450704+00:00,2026-03-24 22:56:18.450709+00:00
888,31,1423,Discount Allowed,DISCOUNT_ALLOWED,0.0,DEBIT,True,2026-03-24 22:56:18.453006+00:00,2026-03-24 22:56:18.453015+00:00
889,31,1405,Discount Received,DISCOUNT_RECEIVED,0.0,CREDIT,True,2026-03-24 22:56:18.455832+00:00,2026-03-24 22:56:18.455837+00:00
890,31,1414,Salary Expense,,0.0,DEBIT,True,2026-03-24 22:56:18.458051+00:00,2026-03-24 22:56:18.458056+00:00
891,31,1415,Office Rent,,0.0,DEBIT,True,2026-03-24 22:56:18.461151+00:00,2026-03-24 22:56:18.461161+00:00
892,31,1416,Electricity Expense,,0.0,DEBIT,True,2026-03-24 22:56:18.463726+00:00,2026-03-24 22:56:18.463731+00:00
893,31,1421,Internet Expense,,0.0,DEBIT,True,2026-03-24 22:56:18.466335+00:00,2026-03-24 22:56:18.466340+00:00
894,31,1419,Travel Expense,,0.0,DEBIT,True,2026-03-24 22:56:18.469043+00:00,2026-03-24 22:56:18.469050+00:00
895,31,1413,Printing & Stationery,,0.0,DEBIT,True,2026-03-24 22:56:18.472100+00:00,2026-03-24 22:56:18.472106+00:00
896,31,1417,Repair & Maintenance,,0.0,DEBIT,True,2026-03-24 22:56:18.474713+00:00,2026-03-24 22:56:18.474718+00:00
897,31,1422,Miscellaneous Expense,,0.0,DEBIT,True,2026-03-24 22:56:18.477313+00:00,2026-03-24 22:56:18.477317+00:00
898,31,1406,Commission Income,,0.0,CREDIT,True,2026-03-24 22:56:18.479814+00:00,2026-03-24 22:56:18.479819+00:00
899,31,1403,Interest Income,,0.0,CREDIT,True,2026-03-24 22:56:18.481937+00:00,2026-03-24 22:56:18.481942+00:00
900,31,1404,Service Income,,0.0,CREDIT,True,2026-03-24 22:56:18.483973+00:00,2026-03-24 22:56:18.483978+00:00
901,31,1413,Depreciation Expense,DEPRECIATION_EXPENSE,0.0,DEBIT,True,2026-03-24 22:56:18.485972+00:00,2026-03-24 22:56:18.485976+00:00
902,31,1383,Accumulated Depreciation,ACCUM_DEPRECIATION,0.0,DEBIT,True,2026-03-24 22:56:18.487944+00:00,2026-03-24 22:56:18.487949+00:00
903,31,1398,Capital Account,CAPITAL,0.0,CREDIT,True,2026-03-24 22:56:18.489971+00:00,2026-03-24 22:56:18.489976+00:00
904,31,1399,Drawings,DRAWINGS,0.0,CREDIT,True,2026-03-24 22:56:18.493153+00:00,2026-03-24 22:56:18.493160+00:00
905,31,1400,Retained Earnings,RETAINED_EARNINGS,0.0,CREDIT,True,2026-03-24 22:56:18.496444+00:00,2026-03-24 22:56:18.496449+00:00
906,32,1427,Cash,CASH,0.0,DEBIT,True,2026-03-24 22:56:18.639154+00:00,2026-03-24 22:56:18.639159+00:00
907,32,1427,Petty Cash,PETTY_CASH,0.0,DEBIT,True,2026-03-24 22:56:18.640815+00:00,2026-03-24 22:56:18.640819+00:00
908,32,1428,Bank A/C (Placeholder),DEFAULT_BANK,0.0,DEBIT,True,2026-03-24 22:56:18.642267+00:00,2026-03-24 22:56:18.642270+00:00
909,32,1429,Customers,CUSTOMERS,0.0,DEBIT,True,2026-03-24 22:56:18.644291+00:00,2026-03-24 22:56:18.644295+00:00
910,32,1447,Suppliers,SUPPLIERS,0.0,CREDIT,True,2026-03-24 22:56:18.646109+00:00,2026-03-24 22:56:18.646113+00:00
911,32,1434,Input Tax,INPUT_TAX,0.0,DEBIT,True,2026-03-24 22:56:18.649509+00:00,2026-03-24 22:56:18.649514+00:00
912,32,1448,Output Tax,OUTPUT_TAX,0.0,CREDIT,True,2026-03-24 22:56:18.651296+00:00,2026-03-24 22:56:18.651300+00:00
913,32,1448,Tax Payable,TAX_PAYABLE,0.0,CREDIT,True,2026-03-24 22:56:18.653058+00:00,2026-03-24 22:56:18.653062+00:00
914,32,1434,Tax Receivable,TAX_RECEIVABLE,0.0,DEBIT,True,2026-03-24 22:56:18.655038+00:00,2026-03-24 22:56:18.655042+00:00
915,32,1464,Service Charge,SERVICE_CHARGE,0.0,CREDIT,True,2026-03-24 22:56:18.656572+00:00,2026-03-24 22:56:18.656576+00:00
916,32,1463,Sales (Goods/Service),SALES,0.0,CREDIT,True,2026-03-24 22:56:18.658023+00:00,2026-03-24 22:56:18.658027+00:00
917,32,1470,Purchase (Goods/Service),PURCHASES,0.0,DEBIT,True,2026-03-24 22:56:18.659597+00:00,2026-03-24 22:56:18.659601+00:00
918,32,1463,Sales Return,SALES_RETURN,0.0,CREDIT,True,2026-03-24 22:56:18.661256+00:00,2026-03-24 22:56:18.661260+00:00
919,32,1470,Purchase Return,PURCHASE_RETURN,0.0,DEBIT,True,2026-03-24 22:56:18.662989+00:00,2026-03-24 22:56:18.662994+00:00
920,32,1484,Discount Allowed,DISCOUNT_ALLOWED,0.0,DEBIT,True,2026-03-24 22:56:18.664695+00:00,2026-03-24 22:56:18.664699+00:00
921,32,1466,Discount Received,DISCOUNT_RECEIVED,0.0,CREDIT,True,2026-03-24 22:56:18.666343+00:00,2026-03-24 22:56:18.666347+00:00
922,32,1475,Salary Expense,,0.0,DEBIT,True,2026-03-24 22:56:18.668266+00:00,2026-03-24 22:56:18.668272+00:00
923,32,1476,Office Rent,,0.0,DEBIT,True,2026-03-24 22:56:18.670205+00:00,2026-03-24 22:56:18.670209+00:00
924,32,1477,Electricity Expense,,0.0,DEBIT,True,2026-03-24 22:56:18.671880+00:00,2026-03-24 22:56:18.671884+00:00
925,32,1482,Internet Expense,,0.0,DEBIT,True,2026-03-24 22:56:18.673544+00:00,2026-03-24 22:56:18.673548+00:00
926,32,1480,Travel Expense,,0.0,DEBIT,True,2026-03-24 22:56:18.675361+00:00,2026-03-24 22:56:18.675366+00:00
927,32,1474,Printing & Stationery,,0.0,DEBIT,True,2026-03-24 22:56:18.677152+00:00,2026-03-24 22:56:18.677156+00:00
928,32,1478,Repair & Maintenance,,0.0,DEBIT,True,2026-03-24 22:56:18.679426+00:00,2026-03-24 22:56:18.679431+00:00
929,32,1483,Miscellaneous Expense,,0.0,DEBIT,True,2026-03-24 22:56:18.681856+00:00,2026-03-24 22:56:18.681860+00:00
930,32,1467,Commission Income,,0.0,CREDIT,True,2026-03-24 22:56:18.683482+00:00,2026-03-24 22:56:18.683486+00:00
931,32,1464,Interest Income,,0.0,CREDIT,True,2026-03-24 22:56:18.685175+00:00,2026-03-24 22:56:18.685179+00:00
932,32,1465,Service Income,,0.0,CREDIT,True,2026-03-24 22:56:18.686863+00:00,2026-03-24 22:56:18.686869+00:00
933,32,1474,Depreciation Expense,DEPRECIATION_EXPENSE,0.0,DEBIT,True,2026-03-24 22:56:18.689048+00:00,2026-03-24 22:56:18.689053+00:00
934,32,1444,Accumulated Depreciation,ACCUM_DEPRECIATION,0.0,DEBIT,True,2026-03-24 22:56:18.691174+00:00,2026-03-24 22:56:18.691178+00:00
935,32,1459,Capital Account,CAPITAL,0.0,CREDIT,True,2026-03-24 22:56:18.692740+00:00,2026-03-24 22:56:18.692744+00:00
936,32,1460,Drawings,DRAWINGS,0.0,CREDIT,True,2026-03-24 22:56:18.694467+00:00,2026-03-24 22:56:18.694471+00:00
937,32,1461,Retained Earnings,RETAINED_EARNINGS,0.0,CREDIT,True,2026-03-24 22:56:18.696133+00:00,2026-03-24 22:56:18.696136+00:00
938,33,1488,Cash,CASH,0.0,DEBIT,True,2026-03-24 22:56:18.838633+00:00,2026-03-24 22:56:18.838637+00:00
939,33,1488,Petty Cash,PETTY_CASH,0.0,DEBIT,True,2026-03-24 22:56:18.840511+00:00,2026-03-24 22:56:18.840515+00:00
940,33,1489,Bank A/C (Placeholder),DEFAULT_BANK,0.0,DEBIT,True,2026-03-24 22:56:18.842106+00:00,2026-03-24 22:56:18.842110+00:00
941,33,1490,Customers,CUSTOMERS,0.0,DEBIT,True,2026-03-24 22:56:18.843786+00:00,2026-03-24 22:56:18.843791+00:00
942,33,1508,Suppliers,SUPPLIERS,0.0,CREDIT,True,2026-03-24 22:56:18.845566+00:00,2026-03-24 22:56:18.845570+00:00
943,33,1495,Input Tax,INPUT_TAX,0.0,DEBIT,True,2026-03-24 22:56:18.847474+00:00,2026-03-24 22:56:18.847479+00:00
944,33,1509,Output Tax,OUTPUT_TAX,0.0,CREDIT,True,2026-03-24 22:56:18.849233+00:00,2026-03-24 22:56:18.849237+00:00
945,33,1509,Tax Payable,TAX_PAYABLE,0.0,CREDIT,True,2026-03-24 22:56:18.850938+00:00,2026-03-24 22:56:18.850942+00:00
946,33,1495,Tax Receivable,TAX_RECEIVABLE,0.0,DEBIT,True,2026-03-24 22:56:18.852607+00:00,2026-03-24 22:56:18.852611+00:00
947,33,1525,Service Charge,SERVICE_CHARGE,0.0,CREDIT,True,2026-03-24 22:56:18.854294+00:00,2026-03-24 22:56:18.854298+00:00
948,33,1524,Sales (Goods/Service),SALES,0.0,CREDIT,True,2026-03-24 22:56:18.856208+00:00,2026-03-24 22:56:18.856213+00:00
949,33,1531,Purchase (Goods/Service),PURCHASES,0.0,DEBIT,True,2026-03-24 22:56:18.858189+00:00,2026-03-24 22:56:18.858194+00:00
950,33,1524,Sales Return,SALES_RETURN,0.0,CREDIT,True,2026-03-24 22:56:18.860082+00:00,2026-03-24 22:56:18.860086+00:00
951,33,1531,Purchase Return,PURCHASE_RETURN,0.0,DEBIT,True,2026-03-24 22:56:18.861991+00:00,2026-03-24 22:56:18.861996+00:00
952,33,1545,Discount Allowed,DISCOUNT_ALLOWED,0.0,DEBIT,True,2026-03-24 22:56:18.863713+00:00,2026-03-24 22:56:18.863717+00:00
953,33,1527,Discount Received,DISCOUNT_RECEIVED,0.0,CREDIT,True,2026-03-24 22:56:18.865525+00:00,2026-03-24 22:56:18.865530+00:00
954,33,1536,Salary Expense,,0.0,DEBIT,True,2026-03-24 22:56:18.868325+00:00,2026-03-24 22:56:18.868330+00:00
955,33,1537,Office Rent,,0.0,DEBIT,True,2026-03-24 22:56:18.869961+00:00,2026-03-24 22:56:18.869966+00:00
956,33,1538,Electricity Expense,,0.0,DEBIT,True,2026-03-24 22:56:18.871467+00:00,2026-03-24 22:56:18.871471+00:00
957,33,1543,Internet Expense,,0.0,DEBIT,True,2026-03-24 22:56:18.873041+00:00,2026-03-24 22:56:18.873045+00:00
958,33,1541,Travel Expense,,0.0,DEBIT,True,2026-03-24 22:56:18.875352+00:00,2026-03-24 22:56:18.875357+00:00
959,33,1535,Printing & Stationery,,0.0,DEBIT,True,2026-03-24 22:56:18.877179+00:00,2026-03-24 22:56:18.877183+00:00
960,33,1539,Repair & Maintenance,,0.0,DEBIT,True,2026-03-24 22:56:18.878748+00:00,2026-03-24 22:56:18.878752+00:00
961,33,1544,Miscellaneous Expense,,0.0,DEBIT,True,2026-03-24 22:56:18.880348+00:00,2026-03-24 22:56:18.880351+00:00
962,33,1528,Commission Income,,0.0,CREDIT,True,2026-03-24 22:56:18.881771+00:00,2026-03-24 22:56:18.881777+00:00
963,33,1525,Interest Income,,0.0,CREDIT,True,2026-03-24 22:56:18.883203+00:00,2026-03-24 22:56:18.883207+00:00
964,33,1526,Service Income,,0.0,CREDIT,True,2026-03-24 22:56:18.884777+00:00,2026-03-24 22:56:18.884781+00:00
965,33,1535,Depreciation Expense,DEPRECIATION_EXPENSE,0.0,DEBIT,True,2026-03-24 22:56:18.886550+00:00,2026-03-24 22:56:18.886554+00:00
966,33,1505,Accumulated Depreciation,ACCUM_DEPRECIATION,0.0,DEBIT,True,2026-03-24 22:56:18.888269+00:00,2026-03-24 22:56:18.888273+00:00
967,33,1520,Capital Account,CAPITAL,0.0,CREDIT,True,2026-03-24 22:56:18.890169+00:00,2026-03-24 22:56:18.890173+00:00
968,33,1521,Drawings,DRAWINGS,0.0,CREDIT,True,2026-03-24 22:56:18.891993+00:00,2026-03-24 22:56:18.891998+00:00
969,33,1522,Retained Earnings,RETAINED_EARNINGS,0.0,CREDIT,True,2026-03-24 22:56:18.893748+00:00,2026-03-24 22:56:18.893752+00:00
974,14,275,Manish 68768,,0.0,DEBIT,True,2026-03-24 23:25:27.753603+00:00,2026-03-24 23:25:27.753611+00:00
500,14,292,Informix Solution,,0.0,DEBIT,True,2025-12-16 08:27:41.192164+00:00,2026-03-25 00:19:29.204650+00:00
977,40,1551,Cash,CASH,0.0,DEBIT,True,2026-03-28 11:44:02.786250+00:00,2026-03-28 11:44:02.786257+00:00
978,40,1551,Petty Cash,PETTY_CASH,0.0,DEBIT,True,2026-03-28 11:44:02.806144+00:00,2026-03-28 11:44:02.806149+00:00
979,40,1552,Bank A/C (Placeholder),DEFAULT_BANK,0.0,DEBIT,True,2026-03-28 11:44:02.810147+00:00,2026-03-28 11:44:02.810156+00:00
980,40,1556,Opening Stock,OPENING_STOCK,0.0,DEBIT,True,2026-03-28 11:44:02.816260+00:00,2026-03-28 11:44:02.816291+00:00
981,40,1556,Closing Stock,CLOSING_STOCK,0.0,DEBIT,True,2026-03-28 11:44:02.820260+00:00,2026-03-28 11:44:02.820283+00:00
982,40,1553,Customers,CUSTOMERS,0.0,DEBIT,True,2026-03-28 11:44:02.823351+00:00,2026-03-28 11:44:02.823359+00:00
983,40,1571,Suppliers,SUPPLIERS,0.0,CREDIT,True,2026-03-28 11:44:02.830457+00:00,2026-03-28 11:44:02.830463+00:00
984,40,1558,Input VAT,INPUT_VAT,0.0,DEBIT,True,2026-03-28 11:44:02.834614+00:00,2026-03-28 11:44:02.834626+00:00
985,40,1572,Output VAT,OUTPUT_VAT,0.0,CREDIT,True,2026-03-28 11:44:02.837916+00:00,2026-03-28 11:44:02.837923+00:00
986,40,1574,VAT Payable,VAT_PAYABLE,0.0,CREDIT,True,2026-03-28 11:44:02.840864+00:00,2026-03-28 11:44:02.840868+00:00
987,40,1560,VAT Receivable,VAT_RECEIVABLE,0.0,DEBIT,True,2026-03-28 11:44:02.847351+00:00,2026-03-28 11:44:02.847358+00:00
988,40,1572,Duties & Taxes,DUTIES_TAXES,0.0,CREDIT,True,2026-03-28 11:44:02.851261+00:00,2026-03-28 11:44:02.851266+00:00
989,40,1588,Service Charge,SERVICE_CHARGE,0.0,CREDIT,True,2026-03-28 11:44:02.854827+00:00,2026-03-28 11:44:02.854832+00:00
990,40,1573,TDS Payable,TDS_PAYABLE,0.0,CREDIT,True,2026-03-28 11:44:02.857734+00:00,2026-03-28 11:44:02.857741+00:00
991,40,1559,TDS Receivable,TDS_RECEIVABLE,0.0,DEBIT,True,2026-03-28 11:44:02.864161+00:00,2026-03-28 11:44:02.864167+00:00
992,40,1587,Sales (Goods/Service),SALES,0.0,CREDIT,True,2026-03-28 11:44:02.867886+00:00,2026-03-28 11:44:02.867891+00:00
993,40,1594,Purchase (Goods/Service),PURCHASES,0.0,DEBIT,True,2026-03-28 11:44:02.872627+00:00,2026-03-28 11:44:02.872632+00:00
994,40,1587,Sales Return,SALES_RETURN,0.0,CREDIT,True,2026-03-28 11:44:02.874932+00:00,2026-03-28 11:44:02.874937+00:00
995,40,1594,Purchase Return,PURCHASE_RETURN,0.0,DEBIT,True,2026-03-28 11:44:02.881671+00:00,2026-03-28 11:44:02.881676+00:00
996,40,1608,Discount Allowed,DISCOUNT_ALLOWED,0.0,DEBIT,True,2026-03-28 11:44:02.885166+00:00,2026-03-28 11:44:02.885171+00:00
997,40,1590,Discount Received,DISCOUNT_RECEIVED,0.0,CREDIT,True,2026-03-28 11:44:02.888315+00:00,2026-03-28 11:44:02.888320+00:00
998,40,1599,Salary Expense,,0.0,DEBIT,True,2026-03-28 11:44:02.891335+00:00,2026-03-28 11:44:02.891340+00:00
999,40,1600,Office Rent,,0.0,DEBIT,True,2026-03-28 11:44:02.898326+00:00,2026-03-28 11:44:02.898331+00:00
1000,40,1601,Electricity Expense,,0.0,DEBIT,True,2026-03-28 11:44:02.903954+00:00,2026-03-28 11:44:02.903959+00:00
1001,40,1606,Internet Expense,,0.0,DEBIT,True,2026-03-28 11:44:02.906732+00:00,2026-03-28 11:44:02.906737+00:00
1002,40,1604,Travel Expense,,0.0,DEBIT,True,2026-03-28 11:44:02.908968+00:00,2026-03-28 11:44:02.908983+00:00
1003,40,1598,Printing & Stationery,,0.0,DEBIT,True,2026-03-28 11:44:02.913883+00:00,2026-03-28 11:44:02.913889+00:00
1004,40,1602,Repair & Maintenance,,0.0,DEBIT,True,2026-03-28 11:44:02.917518+00:00,2026-03-28 11:44:02.917524+00:00
1005,40,1607,Miscellaneous Expense,,0.0,DEBIT,True,2026-03-28 11:44:02.920191+00:00,2026-03-28 11:44:02.920198+00:00
1006,40,1591,Commission Income,,0.0,CREDIT,True,2026-03-28 11:44:02.922832+00:00,2026-03-28 11:44:02.922837+00:00
1007,40,1588,Interest Income,,0.0,CREDIT,True,2026-03-28 11:44:02.924924+00:00,2026-03-28 11:44:02.924929+00:00
1008,40,1589,Service Income,,0.0,CREDIT,True,2026-03-28 11:44:02.931133+00:00,2026-03-28 11:44:02.931146+00:00
1009,40,1598,Depreciation Expense,DEPRECIATION_EXPENSE,0.0,DEBIT,True,2026-03-28 11:44:02.934543+00:00,2026-03-28 11:44:02.934550+00:00
1010,40,1568,Accumulated Depreciation,ACCUM_DEPRECIATION,0.0,DEBIT,True,2026-03-28 11:44:02.937759+00:00,2026-03-28 11:44:02.937764+00:00
1011,40,1583,Capital Account,CAPITAL,0.0,CREDIT,True,2026-03-28 11:44:02.940044+00:00,2026-03-28 11:44:02.940049+00:00
1012,40,1584,Drawings,DRAWINGS,0.0,CREDIT,True,2026-03-28 11:44:02.942179+00:00,2026-03-28 11:44:02.942187+00:00
1013,40,1585,Retained Earnings,RETAINED_EARNINGS,0.0,CREDIT,True,2026-03-28 11:44:02.949060+00:00,2026-03-28 11:44:02.949068+00:00
1038,40,1553,Walking Customer,,0.0,DEBIT,True,2026-04-03 20:06:01.038162+00:00,2026-04-03 20:06:01.038169+00:00
1044,21,1615,SaaS Subscription Revenue,SAAS_REVENUE,0.0,CREDIT,True,2026-04-04 20:53:38.629307+00:00,2026-04-04 20:53:38.629311+00:00
1045,21,1615,SaaS Revenue - PREMIUM,SAAS_REV_5,0.0,CREDIT,True,2026-04-04 21:35:49.831016+00:00,2026-04-04 21:44:34.194154+00:00
1046,21,334,Nepal Bank A/C,,0.0,DEBIT,True,2026-04-04 22:22:30.280025+00:00,2026-04-04 22:22:30.280033+00:00
1047,21,334,Nabil Bank A/C,BANK_NABIL_BANK_A/C,0.0,DEBIT,True,2026-04-04 22:49:25.556008+00:00,2026-04-04 22:49:25.556013+00:00
1048,14,292,Supplier A,,0.0,CREDIT,True,2026-04-12 00:36:49.740477+00:00,2026-04-12 00:36:49.740482+00:00
1049,46,1618,Cash,CASH,0.0,DEBIT,True,2026-04-12 05:10:46.581601+00:00,2026-04-12 05:10:46.581609+00:00
1050,46,1618,Petty Cash,PETTY_CASH,0.0,DEBIT,True,2026-04-12 05:10:46.588381+00:00,2026-04-12 05:10:46.588386+00:00
1051,46,1619,Bank A/C (Placeholder),DEFAULT_BANK,0.0,DEBIT,True,2026-04-12 05:10:46.591756+00:00,2026-04-12 05:10:46.591765+00:00
1052,46,1620,Customers,CUSTOMERS,0.0,DEBIT,True,2026-04-12 05:10:46.594814+00:00,2026-04-12 05:10:46.594820+00:00
1053,46,1638,Suppliers,SUPPLIERS,0.0,CREDIT,True,2026-04-12 05:10:46.597846+00:00,2026-04-12 05:10:46.597853+00:00
1054,46,1625,Input Tax,INPUT_TAX,0.0,DEBIT,True,2026-04-12 05:10:46.601229+00:00,2026-04-12 05:10:46.601234+00:00
1055,46,1639,Output Tax,OUTPUT_TAX,0.0,CREDIT,True,2026-04-12 05:10:46.603602+00:00,2026-04-12 05:10:46.603611+00:00
1056,46,1639,Tax Payable,TAX_PAYABLE,0.0,CREDIT,True,2026-04-12 05:10:46.606337+00:00,2026-04-12 05:10:46.606344+00:00
1057,46,1625,Tax Receivable,TAX_RECEIVABLE,0.0,DEBIT,True,2026-04-12 05:10:46.610308+00:00,2026-04-12 05:10:46.610313+00:00
1058,46,1655,Service Charge,SERVICE_CHARGE,0.0,CREDIT,True,2026-04-12 05:10:46.613292+00:00,2026-04-12 05:10:46.613299+00:00
1059,46,1654,Sales (Goods/Service),SALES,0.0,CREDIT,True,2026-04-12 05:10:46.616556+00:00,2026-04-12 05:10:46.616561+00:00
1060,46,1661,Purchase (Goods/Service),PURCHASES,0.0,DEBIT,True,2026-04-12 05:10:46.618939+00:00,2026-04-12 05:10:46.618944+00:00
1061,46,1654,Sales Return,SALES_RETURN,0.0,CREDIT,True,2026-04-12 05:10:46.620751+00:00,2026-04-12 05:10:46.620755+00:00
1062,46,1661,Purchase Return,PURCHASE_RETURN,0.0,DEBIT,True,2026-04-12 05:10:46.622496+00:00,2026-04-12 05:10:46.622501+00:00
1063,46,1675,Discount Allowed,DISCOUNT_ALLOWED,0.0,DEBIT,True,2026-04-12 05:10:46.626091+00:00,2026-04-12 05:10:46.626097+00:00
1064,46,1657,Discount Received,DISCOUNT_RECEIVED,0.0,CREDIT,True,2026-04-12 05:10:46.629203+00:00,2026-04-12 05:10:46.629213+00:00
1065,46,1666,Salary Expense,,0.0,DEBIT,True,2026-04-12 05:10:46.633935+00:00,2026-04-12 05:10:46.633942+00:00
1066,46,1667,Office Rent,,0.0,DEBIT,True,2026-04-12 05:10:46.636557+00:00,2026-04-12 05:10:46.636563+00:00
1067,46,1668,Electricity Expense,,0.0,DEBIT,True,2026-04-12 05:10:46.638846+00:00,2026-04-12 05:10:46.638852+00:00
1068,46,1673,Internet Expense,,0.0,DEBIT,True,2026-04-12 05:10:46.642692+00:00,2026-04-12 05:10:46.642701+00:00
1069,46,1671,Travel Expense,,0.0,DEBIT,True,2026-04-12 05:10:46.647218+00:00,2026-04-12 05:10:46.647237+00:00
1070,46,1665,Printing & Stationery,,0.0,DEBIT,True,2026-04-12 05:10:46.651397+00:00,2026-04-12 05:10:46.651405+00:00
1071,46,1669,Repair & Maintenance,,0.0,DEBIT,True,2026-04-12 05:10:46.654265+00:00,2026-04-12 05:10:46.654272+00:00
1072,46,1674,Miscellaneous Expense,,0.0,DEBIT,True,2026-04-12 05:10:46.657489+00:00,2026-04-12 05:10:46.657542+00:00
1073,46,1658,Commission Income,,0.0,CREDIT,True,2026-04-12 05:10:46.662493+00:00,2026-04-12 05:10:46.662503+00:00
1074,46,1655,Interest Income,,0.0,CREDIT,True,2026-04-12 05:10:46.669982+00:00,2026-04-12 05:10:46.669992+00:00
1075,46,1656,Service Income,,0.0,CREDIT,True,2026-04-12 05:10:46.673126+00:00,2026-04-12 05:10:46.673133+00:00
1076,46,1665,Depreciation Expense,DEPRECIATION_EXPENSE,0.0,DEBIT,True,2026-04-12 05:10:46.678375+00:00,2026-04-12 05:10:46.678385+00:00
1077,46,1635,Accumulated Depreciation,ACCUM_DEPRECIATION,0.0,DEBIT,True,2026-04-12 05:10:46.682555+00:00,2026-04-12 05:10:46.682561+00:00
1078,46,1650,Capital Account,CAPITAL,0.0,CREDIT,True,2026-04-12 05:10:46.685019+00:00,2026-04-12 05:10:46.685025+00:00
1079,46,1651,Drawings,DRAWINGS,0.0,CREDIT,True,2026-04-12 05:10:46.687051+00:00,2026-04-12 05:10:46.687056+00:00
1080,46,1652,Retained Earnings,RETAINED_EARNINGS,0.0,CREDIT,True,2026-04-12 05:10:46.689164+00:00,2026-04-12 05:10:46.689172+00:00
1081,14,294,TDS Payable (Service),,0.0,DEBIT,True,2026-04-12 05:57:00.652934+00:00,2026-04-12 05:57:00.652939+00:00
1082,47,1679,Cash,CASH,0.0,DEBIT,True,2026-04-13 04:32:28.969002+00:00,2026-04-13 04:32:28.969008+00:00
1083,47,1679,Petty Cash,PETTY_CASH,0.0,DEBIT,True,2026-04-13 04:32:28.983567+00:00,2026-04-13 04:32:28.983571+00:00
1084,47,1680,Bank A/C (Placeholder),DEFAULT_BANK,0.0,DEBIT,True,2026-04-13 04:32:28.986714+00:00,2026-04-13 04:32:28.986720+00:00
1085,47,1681,Customers,CUSTOMERS,0.0,DEBIT,True,2026-04-13 04:32:28.989400+00:00,2026-04-13 04:32:28.989405+00:00
1086,47,1699,Suppliers,SUPPLIERS,0.0,CREDIT,True,2026-04-13 04:32:28.992046+00:00,2026-04-13 04:32:28.992052+00:00
1087,47,1686,Input Tax,INPUT_TAX,0.0,DEBIT,True,2026-04-13 04:32:28.994573+00:00,2026-04-13 04:32:28.994579+00:00
1088,47,1700,Output Tax,OUTPUT_TAX,0.0,CREDIT,True,2026-04-13 04:32:28.997170+00:00,2026-04-13 04:32:28.997175+00:00
1089,47,1700,Tax Payable,TAX_PAYABLE,0.0,CREDIT,True,2026-04-13 04:32:28.999968+00:00,2026-04-13 04:32:28.999975+00:00
1090,47,1686,Tax Receivable,TAX_RECEIVABLE,0.0,DEBIT,True,2026-04-13 04:32:29.002790+00:00,2026-04-13 04:32:29.002797+00:00
1091,47,1716,Service Charge,SERVICE_CHARGE,0.0,CREDIT,True,2026-04-13 04:32:29.005603+00:00,2026-04-13 04:32:29.005611+00:00
1092,47,1715,Sales (Goods/Service),SALES,0.0,CREDIT,True,2026-04-13 04:32:29.008594+00:00,2026-04-13 04:32:29.008601+00:00
1093,47,1722,Purchase (Goods/Service),PURCHASES,0.0,DEBIT,True,2026-04-13 04:32:29.011992+00:00,2026-04-13 04:32:29.011996+00:00
1094,47,1715,Sales Return,SALES_RETURN,0.0,CREDIT,True,2026-04-13 04:32:29.014629+00:00,2026-04-13 04:32:29.014634+00:00
1095,47,1722,Purchase Return,PURCHASE_RETURN,0.0,DEBIT,True,2026-04-13 04:32:29.017668+00:00,2026-04-13 04:32:29.017673+00:00
1096,47,1736,Discount Allowed,DISCOUNT_ALLOWED,0.0,DEBIT,True,2026-04-13 04:32:29.020231+00:00,2026-04-13 04:32:29.020239+00:00
1097,47,1718,Discount Received,DISCOUNT_RECEIVED,0.0,CREDIT,True,2026-04-13 04:32:29.022917+00:00,2026-04-13 04:32:29.022923+00:00
1098,47,1727,Salary Expense,,0.0,DEBIT,True,2026-04-13 04:32:29.025429+00:00,2026-04-13 04:32:29.025434+00:00
1099,47,1728,Office Rent,,0.0,DEBIT,True,2026-04-13 04:32:29.027950+00:00,2026-04-13 04:32:29.027956+00:00
1100,47,1729,Electricity Expense,,0.0,DEBIT,True,2026-04-13 04:32:29.030212+00:00,2026-04-13 04:32:29.030216+00:00
1101,47,1734,Internet Expense,,0.0,DEBIT,True,2026-04-13 04:32:29.032979+00:00,2026-04-13 04:32:29.032984+00:00
1102,47,1732,Travel Expense,,0.0,DEBIT,True,2026-04-13 04:32:29.034993+00:00,2026-04-13 04:32:29.034997+00:00
1103,47,1726,Printing & Stationery,,0.0,DEBIT,True,2026-04-13 04:32:29.036872+00:00,2026-04-13 04:32:29.036876+00:00
1104,47,1730,Repair & Maintenance,,0.0,DEBIT,True,2026-04-13 04:32:29.038837+00:00,2026-04-13 04:32:29.038841+00:00
1105,47,1735,Miscellaneous Expense,,0.0,DEBIT,True,2026-04-13 04:32:29.042970+00:00,2026-04-13 04:32:29.042977+00:00
1106,47,1719,Commission Income,,0.0,CREDIT,True,2026-04-13 04:32:29.046165+00:00,2026-04-13 04:32:29.046170+00:00
1107,47,1716,Interest Income,,0.0,CREDIT,True,2026-04-13 04:32:29.048916+00:00,2026-04-13 04:32:29.048920+00:00
1108,47,1717,Service Income,,0.0,CREDIT,True,2026-04-13 04:32:29.051479+00:00,2026-04-13 04:32:29.051485+00:00
1109,47,1726,Depreciation Expense,DEPRECIATION_EXPENSE,0.0,DEBIT,True,2026-04-13 04:32:29.054124+00:00,2026-04-13 04:32:29.054132+00:00
1110,47,1696,Accumulated Depreciation,ACCUM_DEPRECIATION,0.0,DEBIT,True,2026-04-13 04:32:29.056861+00:00,2026-04-13 04:32:29.056867+00:00
1111,47,1711,Capital Account,CAPITAL,0.0,CREDIT,True,2026-04-13 04:32:29.059817+00:00,2026-04-13 04:32:29.059822+00:00
1112,47,1712,Drawings,DRAWINGS,0.0,CREDIT,True,2026-04-13 04:32:29.062811+00:00,2026-04-13 04:32:29.062816+00:00
1113,47,1713,Retained Earnings,RETAINED_EARNINGS,0.0,CREDIT,True,2026-04-13 04:32:29.065634+00:00,2026-04-13 04:32:29.065638+00:00
1114,4,737,Delivery Partner: Test Partner 4a8bc8,,0.0,DEBIT,True,2026-04-20 01:33:12.895555+00:00,2026-04-20 01:33:12.895568+00:00
1115,4,737,Delivery Partner: Test Partner ba6125,,0.0,DEBIT,True,2026-04-20 01:44:29.037058+00:00,2026-04-20 01:44:29.037064+00:00
1116,14,294,TDS Payable (Emp. Salary),,0.0,DEBIT,True,2026-04-22 07:28:53.598636+00:00,2026-04-22 07:28:53.598640+00:00
1117,14,293,TDS (Emp. Salary),,0.0,DEBIT,True,2026-04-22 07:29:43.844475+00:00,2026-04-22 07:29:43.844484+00:00
1118,14,1044,Employee Bonus,,0.0,DEBIT,True,2026-04-22 07:35:11.741715+00:00,2026-04-22 07:35:11.741719+00:00
1119,14,1044,Emp. Allowance,,0.0,DEBIT,True,2026-04-22 07:35:34.714548+00:00,2026-04-22 07:49:40.788981+00:00
1120,14,297,Employee Salary Payable,,0.0,DEBIT,True,2026-04-22 09:19:41.900193+00:00,2026-04-22 09:19:41.900203+00:00
1121,14,297,Employee Bonus Payable,,0.0,DEBIT,True,2026-04-22 09:59:12.532984+00:00,2026-04-22 09:59:12.532988+00:00
1122,14,297,Emp. Allowance Payable,,0.0,DEBIT,True,2026-04-22 10:00:44.787331+00:00,2026-04-22 10:00:44.787335+00:00
1123,14,292,ABC Suppliers,,0.0,CREDIT,True,2026-04-24 03:06:48.152882+00:00,2026-04-24 03:06:48.152890+00:00
